단어,길이,초성
간,1,ㄱ
감,1,ㄱ
갑,1,ㄱ
값,1,ㄱ
강,1,ㄱ
개,1,ㄱ
걔,1,ㄱ
거,1,ㄱ
건,1,ㄱ
겁,1,ㄱ
것,1,ㄱ
겉,1,ㄱ
게,1,ㄱ
곁,1,ㄱ
곡,1,ㄱ
곧,1,ㄱ
골,1,ㄱ
곰,1,ㄱ
곳,1,ㄱ
공,1,ㄱ
과,1,ㄱ
구,1,ㄱ
국,1,ㄱ
군,1,ㄱ
권,1,ㄱ
귀,1,ㄱ
귤,1,ㄱ
그,1,ㄱ
극,1,ㄱ
글,1,ㄱ
금,1,ㄱ
급,1,ㄱ
기,1,ㄱ
길,1,ㄱ
김,1,ㄱ
껌,1,ㄲ
꼭,1,ㄲ
꼴,1,ㄲ
꽃,1,ㄲ
꽉,1,ㄲ
꽤,1,ㄲ
꿀,1,ㄲ
꿈,1,ㄲ
끈,1,ㄲ
끝,1,ㄲ
끼,1,ㄲ
나,1,ㄴ
날,1,ㄴ
남,1,ㄴ
낮,1,ㄴ
내,1,ㄴ
너,1,ㄴ
넉,1,ㄴ
네,1,ㄴ
넷,1,ㄴ
년,1,ㄴ
논,1,ㄴ
놈,1,ㄴ
뇌,1,ㄴ
눈,1,ㄴ
늘,1,ㄴ
다,1,ㄷ
단,1,ㄷ
달,1,ㄷ
닭,1,ㄷ
담,1,ㄷ
답,1,ㄷ
대,1,ㄷ
댁,1,ㄷ
댐,1,ㄷ
더,1,ㄷ
덕,1,ㄷ
덜,1,ㄷ
데,1,ㄷ
도,1,ㄷ
돈,1,ㄷ
돌,1,ㄷ
동,1,ㄷ
두,1,ㄷ
둘,1,ㄷ
뒤,1,ㄷ
들,1,ㄷ
듯,1,ㄷ
등,1,ㄷ
딱,1,ㄸ
딴,1,ㄸ
딸,1,ㄸ
땀,1,ㄸ
땅,1,ㄸ
때,1,ㄸ
땜,1,ㄸ
떡,1,ㄸ
떼,1,ㄸ
또,1,ㄸ
뜰,1,ㄸ
뜻,1,ㄸ
리,1,ㄹ
막,1,ㅁ
만,1,ㅁ
말,1,ㅁ
맘,1,ㅁ
맛,1,ㅁ
매,1,ㅁ
맨,1,ㅁ
멋,1,ㅁ
면,1,ㅁ
명,1,ㅁ
몇,1,ㅁ
모,1,ㅁ
목,1,ㅁ
몸,1,ㅁ
못,1,ㅁ
무,1,ㅁ
문,1,ㅁ
물,1,ㅁ
뭐,1,ㅁ
뭘,1,ㅁ
뭣,1,ㅁ
미,1,ㅁ
및,1,ㅁ
밑,1,ㅁ
바,1,ㅂ
박,1,ㅂ
밖,1,ㅂ
반,1,ㅂ
발,1,ㅂ
밤,1,ㅂ
밥,1,ㅂ
방,1,ㅂ
밭,1,ㅂ
배,1,ㅂ
백,1,ㅂ
뱀,1,ㅂ
번,1,ㅂ
벌,1,ㅂ
법,1,ㅂ
벼,1,ㅂ
벽,1,ㅂ
별,1,ㅂ
병,1,ㅂ
복,1,ㅂ
본,1,ㅂ
볼,1,ㅂ
봄,1,ㅂ
부,1,ㅂ
북,1,ㅂ
분,1,ㅂ
불,1,ㅂ
비,1,ㅂ
빗,1,ㅂ
빚,1,ㅂ
빛,1,ㅂ
빵,1,ㅃ
뺨,1,ㅃ
뼈,1,ㅃ
뿐,1,ㅃ
사,1,ㅅ
산,1,ㅅ
살,1,ㅅ
삶,1,ㅅ
삼,1,ㅅ
상,1,ㅅ
새,1,ㅅ
색,1,ㅅ
생,1,ㅅ
석,1,ㅅ
선,1,ㅅ
섬,1,ㅅ
성,1,ㅅ
세,1,ㅅ
셈,1,ㅅ
셋,1,ㅅ
소,1,ㅅ
속,1,ㅅ
손,1,ㅅ
솜,1,ㅅ
쇠,1,ㅅ
쇼,1,ㅅ
수,1,ㅅ
술,1,ㅅ
숨,1,ㅅ
숲,1,ㅅ
쉰,1,ㅅ
시,1,ㅅ
식,1,ㅅ
신,1,ㅅ
실,1,ㅅ
십,1,ㅅ
싹,1,ㅆ
쌀,1,ㅆ
쌍,1,ㅆ
썩,1,ㅆ
씨,1,ㅆ
아,1,ㅇ
안,1,ㅇ
알,1,ㅇ
암,1,ㅇ
앞,1,ㅇ
애,1,ㅇ
야,1,ㅇ
약,1,ㅇ
양,1,ㅇ
얘,1,ㅇ
어,1,ㅇ
억,1,ㅇ
에,1,ㅇ
엔,1,ㅇ
여,1,ㅇ
역,1,ㅇ
열,1,ㅇ
영,1,ㅇ
옆,1,ㅇ
예,1,ㅇ
옛,1,ㅇ
오,1,ㅇ
온,1,ㅇ
올,1,ㅇ
옷,1,ㅇ
와,1,ㅇ
왕,1,ㅇ
왜,1,ㅇ
외,1,ㅇ
요,1,ㅇ
욕,1,ㅇ
용,1,ㅇ
운,1,ㅇ
원,1,ㅇ
월,1,ㅇ
웬,1,ㅇ
위,1,ㅇ
육,1,ㅇ
은,1,ㅇ
음,1,ㅇ
응,1,ㅇ
이,1,ㅇ
인,1,ㅇ
일,1,ㅇ
입,1,ㅇ
잎,1,ㅇ
자,1,ㅈ
잔,1,ㅈ
잘,1,ㅈ
잠,1,ㅈ
장,1,ㅈ
쟤,1,ㅈ
저,1,ㅈ
적,1,ㅈ
전,1,ㅈ
절,1,ㅈ
점,1,ㅈ
정,1,ㅈ
젖,1,ㅈ
조,1,ㅈ
좀,1,ㅈ
종,1,ㅈ
죄,1,ㅈ
주,1,ㅈ
죽,1,ㅈ
줄,1,ㅈ
중,1,ㅈ
쥐,1,ㅈ
즉,1,ㅈ
지,1,ㅈ
질,1,ㅈ
짐,1,ㅈ
집,1,ㅈ
짓,1,ㅈ
짝,1,ㅉ
쪽,1,ㅉ
쭉,1,ㅉ
차,1,ㅊ
참,1,ㅊ
창,1,ㅊ
채,1,ㅊ
책,1,ㅊ
척,1,ㅊ
천,1,ㅊ
철,1,ㅊ
첫,1,ㅊ
초,1,ㅊ
총,1,ㅊ
춤,1,ㅊ
층,1,ㅊ
칠,1,ㅊ
침,1,ㅊ
칸,1,ㅋ
칼,1,ㅋ
컵,1,ㅋ
코,1,ㅋ
콩,1,ㅋ
키,1,ㅋ
탁,1,ㅌ
탑,1,ㅌ
탓,1,ㅌ
터,1,ㅌ
턱,1,ㅌ
털,1,ㅌ
텅,1,ㅌ
톤,1,ㅌ
통,1,ㅌ
틀,1,ㅌ
틈,1,ㅌ
팀,1,ㅌ
파,1,ㅍ
판,1,ㅍ
팔,1,ㅍ
팩,1,ㅍ
팬,1,ㅍ
퍽,1,ㅍ
편,1,ㅍ
평,1,ㅍ
폭,1,ㅍ
표,1,ㅍ
푹,1,ㅍ
풀,1,ㅍ
품,1,ㅍ
피,1,ㅍ
하,1,ㅎ
한,1,ㅎ
해,1,ㅎ
핵,1,ㅎ
햄,1,ㅎ
향,1,ㅎ
헌,1,ㅎ
혀,1,ㅎ
현,1,ㅎ
형,1,ㅎ
호,1,ㅎ
화,1,ㅎ
확,1,ㅎ
회,1,ㅎ
후,1,ㅎ
흙,1,ㅎ
힘,1,ㅎ
가구,2,ㄱㄱ
가격,2,ㄱㄱ
가게,2,ㄱㄱ
가끔,2,ㄱㄲ
가난,2,ㄱㄴ
가능,2,ㄱㄴ
가다,2,ㄱㄷ
가득,2,ㄱㄷ
가령,2,ㄱㄹ
가로,2,ㄱㄹ
가루,2,ㄱㄹ
가만,2,ㄱㅁ
가뭄,2,ㄱㅁ
가방,2,ㄱㅂ
가사,2,ㄱㅅ
가상,2,ㄱㅅ
가수,2,ㄱㅅ
가스,2,ㄱㅅ
가슴,2,ㄱㅅ
가요,2,ㄱㅇ
가위,2,ㄱㅇ
가을,2,ㄱㅇ
가입,2,ㄱㅇ
가장,2,ㄱㅈ
가정,2,ㄱㅈ
가족,2,ㄱㅈ
가죽,2,ㄱㅈ
가지,2,ㄱㅈ
가짜,2,ㄱㅉ
가치,2,ㄱㅊ
각각,2,ㄱㄱ
각국,2,ㄱㄱ
각기,2,ㄱㄱ
각자,2,ㄱㅈ
각종,2,ㄱㅈ
간격,2,ㄱㄱ
간부,2,ㄱㅂ
간섭,2,ㄱㅅ
간식,2,ㄱㅅ
간장,2,ㄱㅈ
간접,2,ㄱㅈ
간판,2,ㄱㅍ
간호,2,ㄱㅎ
간혹,2,ㄱㅎ
갈다,2,ㄱㄷ
갈등,2,ㄱㄷ
갈비,2,ㄱㅂ
갈색,2,ㄱㅅ
갈증,2,ㄱㅈ
감각,2,ㄱㄱ
감기,2,ㄱㄱ
감다,2,ㄱㄷ
감독,2,ㄱㄷ
감동,2,ㄱㄷ
감사,2,ㄱㅅ
감상,2,ㄱㅅ
감소,2,ㄱㅅ
감옥,2,ㄱㅇ
감자,2,ㄱㅈ
감정,2,ㄱㅈ
감히,2,ㄱㅎ
강남,2,ㄱㄴ
강당,2,ㄱㄷ
강도,2,ㄱㄷ
강물,2,ㄱㅁ
강변,2,ㄱㅂ
강북,2,ㄱㅂ
강사,2,ㄱㅅ
강의,2,ㄱㅇ
강제,2,ㄱㅈ
강조,2,ㄱㅈ
갖다,2,ㄱㄷ
같다,2,ㄱㄷ
같이,2,ㄱㅇ
갚다,2,ㄱㄷ
개국,2,ㄱㄱ
개다,2,ㄱㄷ
개미,2,ㄱㅁ
개방,2,ㄱㅂ
개별,2,ㄱㅂ
개선,2,ㄱㅅ
개성,2,ㄱㅅ
개월,2,ㄱㅇ
개인,2,ㄱㅇ
거기,2,ㄱㄱ
거듭,2,ㄱㄷ
거리,2,ㄱㄹ
거실,2,ㄱㅅ
거액,2,ㄱㅇ
거울,2,ㄱㅇ
거의,2,ㄱㅇ
거짓,2,ㄱㅈ
거품,2,ㄱㅍ
걱정,2,ㄱㅈ
건강,2,ㄱㄱ
건너,2,ㄱㄴ
건물,2,ㄱㅁ
건설,2,ㄱㅅ
건조,2,ㄱㅈ
건축,2,ㄱㅊ
걷기,2,ㄱㄱ
걷다,2,ㄱㄷ
걸다,2,ㄱㄷ
걸음,2,ㄱㅇ
검다,2,ㄱㄷ
검사,2,ㄱㅅ
검토,2,ㄱㅌ
게임,2,ㄱㅇ
겨우,2,ㄱㅇ
겨울,2,ㄱㅇ
겨자,2,ㄱㅈ
겪다,2,ㄱㄷ
견해,2,ㄱㅎ
결과,2,ㄱㄱ
결국,2,ㄱㄱ
결론,2,ㄱㄹ
결석,2,ㄱㅅ
결승,2,ㄱㅅ
결심,2,ㄱㅅ
결정,2,ㄱㅈ
결코,2,ㄱㅋ
결혼,2,ㄱㅎ
경계,2,ㄱㄱ
경고,2,ㄱㄱ
경기,2,ㄱㄱ
경력,2,ㄱㄹ
경비,2,ㄱㅂ
경영,2,ㄱㅇ
경우,2,ㄱㅇ
경쟁,2,ㄱㅈ
경제,2,ㄱㅈ
경주,2,ㄱㅈ
경찰,2,ㄱㅊ
경치,2,ㄱㅊ
경향,2,ㄱㅎ
경험,2,ㄱㅎ
계곡,2,ㄱㄱ
계단,2,ㄱㄷ
계란,2,ㄱㄹ
계산,2,ㄱㅅ
계속,2,ㄱㅅ
계약,2,ㄱㅇ
계절,2,ㄱㅈ
계좌,2,ㄱㅈ
계층,2,ㄱㅊ
계획,2,ㄱㅎ
고개,2,ㄱㄱ
고객,2,ㄱㄱ
고교,2,ㄱㄱ
고궁,2,ㄱㄱ
고급,2,ㄱㄱ
고기,2,ㄱㄱ
고려,2,ㄱㄹ
고모,2,ㄱㅁ
고민,2,ㄱㅁ
고생,2,ㄱㅅ
고속,2,ㄱㅅ
고작,2,ㄱㅈ
고장,2,ㄱㅈ
고전,2,ㄱㅈ
고집,2,ㄱㅈ
고추,2,ㄱㅊ
고통,2,ㄱㅌ
고함,2,ㄱㅎ
고향,2,ㄱㅎ
곡식,2,ㄱㅅ
곧다,2,ㄱㄷ
곧잘,2,ㄱㅈ
곧장,2,ㄱㅈ
골목,2,ㄱㅁ
골치,2,ㄱㅊ
골프,2,ㄱㅍ
곱다,2,ㄱㄷ
곳곳,2,ㄱㄱ
공간,2,ㄱㄱ
공개,2,ㄱㄱ
공격,2,ㄱㄱ
공공,2,ㄱㄱ
공군,2,ㄱㄱ
공급,2,ㄱㄱ
공기,2,ㄱㄱ
공동,2,ㄱㄷ
공부,2,ㄱㅂ
공사,2,ㄱㅅ
공식,2,ㄱㅅ
공업,2,ㄱㅇ
공연,2,ㄱㅇ
공원,2,ㄱㅇ
공장,2,ㄱㅈ
공주,2,ㄱㅈ
공중,2,ㄱㅈ
공짜,2,ㄱㅉ
공책,2,ㄱㅊ
공통,2,ㄱㅌ
공포,2,ㄱㅍ
공항,2,ㄱㅎ
공해,2,ㄱㅎ
과거,2,ㄱㄱ
과목,2,ㄱㅁ
과연,2,ㄱㅇ
과외,2,ㄱㅇ
과일,2,ㄱㅇ
과자,2,ㄱㅈ
과장,2,ㄱㅈ
과정,2,ㄱㅈ
과제,2,ㄱㅈ
과학,2,ㄱㅎ
관객,2,ㄱㄱ
관계,2,ㄱㄱ
관광,2,ㄱㄱ
관념,2,ㄱㄴ
관람,2,ㄱㄹ
관련,2,ㄱㄹ
관리,2,ㄱㄹ
관습,2,ㄱㅅ
관심,2,ㄱㅅ
관점,2,ㄱㅈ
관찰,2,ㄱㅊ
광경,2,ㄱㄱ
광고,2,ㄱㄱ
광장,2,ㄱㅈ
광주,2,ㄱㅈ
괜히,2,ㄱㅎ
교내,2,ㄱㄴ
교대,2,ㄱㄷ
교류,2,ㄱㄹ
교문,2,ㄱㅁ
교복,2,ㄱㅂ
교사,2,ㄱㅅ
교수,2,ㄱㅅ
교시,2,ㄱㅅ
교실,2,ㄱㅅ
교양,2,ㄱㅇ
교외,2,ㄱㅇ
교육,2,ㄱㅇ
교장,2,ㄱㅈ
교재,2,ㄱㅈ
교직,2,ㄱㅈ
교체,2,ㄱㅊ
교통,2,ㄱㅌ
교포,2,ㄱㅍ
교환,2,ㄱㅎ
교회,2,ㄱㅎ
교훈,2,ㄱㅎ
구경,2,ㄱㄱ
구두,2,ㄱㄷ
구름,2,ㄱㄹ
구멍,2,ㄱㅁ
구별,2,ㄱㅂ
구분,2,ㄱㅂ
구석,2,ㄱㅅ
구성,2,ㄱㅅ
구속,2,ㄱㅅ
구십,2,ㄱㅅ
구역,2,ㄱㅇ
구월,2,ㄱㅇ
구입,2,ㄱㅇ
구조,2,ㄱㅈ
구청,2,ㄱㅊ
국가,2,ㄱㄱ
국기,2,ㄱㄱ
국내,2,ㄱㄴ
국립,2,ㄱㄹ
국물,2,ㄱㅁ
국민,2,ㄱㅁ
국사,2,ㄱㅅ
국산,2,ㄱㅅ
국수,2,ㄱㅅ
국어,2,ㄱㅇ
국왕,2,ㄱㅇ
국적,2,ㄱㅈ
국제,2,ㄱㅈ
국회,2,ㄱㅎ
군대,2,ㄱㄷ
군데,2,ㄱㄷ
군사,2,ㄱㅅ
군인,2,ㄱㅇ
굳다,2,ㄱㄷ
굳이,2,ㄱㅇ
굵다,2,ㄱㄷ
굶다,2,ㄱㄷ
굽다,2,ㄱㄷ
권리,2,ㄱㄹ
권위,2,ㄱㅇ
권투,2,ㄱㅌ
귀가,2,ㄱㄱ
귀국,2,ㄱㄱ
귀신,2,ㄱㅅ
귓속,2,ㄱㅅ
규모,2,ㄱㅁ
규정,2,ㄱㅈ
규칙,2,ㄱㅊ
균형,2,ㄱㅎ
그간,2,ㄱㄱ
그거,2,ㄱㄱ
그것,2,ㄱㄱ
그곳,2,ㄱㄱ
그날,2,ㄱㄴ
그냥,2,ㄱㄴ
그녀,2,ㄱㄴ
그놈,2,ㄱㄴ
그늘,2,ㄱㄴ
그대,2,ㄱㄷ
그때,2,ㄱㄸ
그래,2,ㄱㄹ
그램,2,ㄱㄹ
그런,2,ㄱㄹ
그럼,2,ㄱㄹ
그루,2,ㄱㄹ
그룹,2,ㄱㄹ
그릇,2,ㄱㄹ
그리,2,ㄱㄹ
그림,2,ㄱㄹ
그만,2,ㄱㅁ
그분,2,ㄱㅂ
그이,2,ㄱㅇ
그저,2,ㄱㅈ
그전,2,ㄱㅈ
그중,2,ㄱㅈ
그쪽,2,ㄱㅉ
그해,2,ㄱㅎ
극복,2,ㄱㅂ
극장,2,ㄱㅈ
극히,2,ㄱㅎ
근거,2,ㄱㄱ
근교,2,ㄱㄱ
근데,2,ㄱㄷ
근래,2,ㄱㄹ
근로,2,ㄱㄹ
근무,2,ㄱㅁ
근본,2,ㄱㅂ
근원,2,ㄱㅇ
근육,2,ㄱㅇ
근처,2,ㄱㅊ
글쎄,2,ㄱㅆ
글씨,2,ㄱㅆ
글자,2,ㄱㅈ
긁다,2,ㄱㄷ
금고,2,ㄱㄱ
금년,2,ㄱㄴ
금방,2,ㄱㅂ
금세,2,ㄱㅅ
금액,2,ㄱㅇ
금연,2,ㄱㅇ
금지,2,ㄱㅈ
급히,2,ㄱㅎ
긋다,2,ㄱㄷ
기간,2,ㄱㄱ
기계,2,ㄱㄱ
기관,2,ㄱㄱ
기구,2,ㄱㄱ
기기,2,ㄱㄱ
기념,2,ㄱㄴ
기능,2,ㄱㄴ
기다,2,ㄱㄷ
기대,2,ㄱㄷ
기도,2,ㄱㄷ
기둥,2,ㄱㄷ
기록,2,ㄱㄹ
기름,2,ㄱㄹ
기법,2,ㄱㅂ
기본,2,ㄱㅂ
기분,2,ㄱㅂ
기쁨,2,ㄱㅃ
기사,2,ㄱㅅ
기성,2,ㄱㅅ
기술,2,ㄱㅅ
기억,2,ㄱㅇ
기업,2,ㄱㅇ
기여,2,ㄱㅇ
기온,2,ㄱㅇ
기운,2,ㄱㅇ
기원,2,ㄱㅇ
기자,2,ㄱㅈ
기적,2,ㄱㅈ
기준,2,ㄱㅈ
기차,2,ㄱㅊ
기초,2,ㄱㅊ
기침,2,ㄱㅊ
기타,2,ㄱㅌ
기호,2,ㄱㅎ
기혼,2,ㄱㅎ
기회,2,ㄱㅎ
기획,2,ㄱㅎ
기후,2,ㄱㅎ
긴급,2,ㄱㄱ
긴장,2,ㄱㅈ
길가,2,ㄱㄱ
길다,2,ㄱㄷ
길이,2,ㄱㅇ
김밥,2,ㄱㅂ
김치,2,ㄱㅊ
깊다,2,ㄱㄷ
깊이,2,ㄱㅇ
까다,2,ㄲㄷ
까닭,2,ㄲㄷ
까치,2,ㄲㅊ
깎다,2,ㄲㄷ
깔다,2,ㄲㄷ
깜빡,2,ㄲㅃ
깜짝,2,ㄲㅉ
깡패,2,ㄲㅍ
깨다,2,ㄲㄷ
꺾다,2,ㄲㄷ
껍질,2,ㄲㅈ
꼬리,2,ㄲㄹ
꼬마,2,ㄲㅁ
꼼짝,2,ㄲㅉ
꽂다,2,ㄲㄷ
꽃씨,2,ㄲㅆ
꽃잎,2,ㄲㅇ
꾸다,2,ㄲㄷ
꾸중,2,ㄲㅈ
꿈속,2,ㄲㅅ
끄다,2,ㄲㄷ
끊다,2,ㄲㄷ
끌다,2,ㄲㄷ
끓다,2,ㄲㄷ
끝내,2,ㄲㄴ
끼다,2,ㄲㄷ
나다,2,ㄴㄷ
나라,2,ㄴㄹ
나름,2,ㄴㄹ
나무,2,ㄴㅁ
나물,2,ㄴㅁ
나비,2,ㄴㅂ
나이,2,ㄴㅇ
나중,2,ㄴㅈ
나흘,2,ㄴㅎ
낙엽,2,ㄴㅇ
낚시,2,ㄴㅅ
난리,2,ㄴㄹ
난방,2,ㄴㅂ
날개,2,ㄴㄱ
날다,2,ㄴㄷ
날씨,2,ㄴㅆ
날짜,2,ㄴㅉ
낡다,2,ㄴㄷ
남녀,2,ㄴㄴ
남다,2,ㄴㄷ
남매,2,ㄴㅁ
남미,2,ㄴㅁ
남부,2,ㄴㅂ
남북,2,ㄴㅂ
남산,2,ㄴㅅ
남성,2,ㄴㅅ
남자,2,ㄴㅈ
남쪽,2,ㄴㅉ
남편,2,ㄴㅍ
낫다,2,ㄴㄷ
낭비,2,ㄴㅂ
낮다,2,ㄴㄷ
낱말,2,ㄴㅁ
낳다,2,ㄴㄷ
내과,2,ㄴㄱ
내내,2,ㄴㄴ
내년,2,ㄴㄴ
내다,2,ㄴㄷ
내달,2,ㄴㄷ
내부,2,ㄴㅂ
내외,2,ㄴㅇ
내용,2,ㄴㅇ
내일,2,ㄴㅇ
내적,2,ㄴㅈ
내지,2,ㄴㅈ
냄비,2,ㄴㅂ
냄새,2,ㄴㅅ
냇물,2,ㄴㅁ
냉동,2,ㄴㄷ
냉면,2,ㄴㅁ
냉방,2,ㄴㅂ
너머,2,ㄴㅁ
너무,2,ㄴㅁ
너희,2,ㄴㅎ
널리,2,ㄴㄹ
넓다,2,ㄴㄷ
넘다,2,ㄴㄷ
넣다,2,ㄴㄷ
넷째,2,ㄴㅉ
녀석,2,ㄴㅅ
년대,2,ㄴㄷ
년도,2,ㄴㄷ
년생,2,ㄴㅅ
노동,2,ㄴㄷ
노래,2,ㄴㄹ
노력,2,ㄴㄹ
노선,2,ㄴㅅ
노인,2,ㄴㅇ
노트,2,ㄴㅌ
녹다,2,ㄴㄷ
녹색,2,ㄴㅅ
녹음,2,ㄴㅇ
녹차,2,ㄴㅊ
녹화,2,ㄴㅎ
논리,2,ㄴㄹ
논문,2,ㄴㅁ
논쟁,2,ㄴㅈ
놀다,2,ㄴㄷ
놀이,2,ㄴㅇ
농구,2,ㄴㄱ
농담,2,ㄴㄷ
농민,2,ㄴㅁ
농부,2,ㄴㅂ
농사,2,ㄴㅅ
농업,2,ㄴㅇ
농장,2,ㄴㅈ
농촌,2,ㄴㅊ
높다,2,ㄴㄷ
높이,2,ㄴㅇ
놓다,2,ㄴㄷ
누구,2,ㄴㄱ
누나,2,ㄴㄴ
눈가,2,ㄴㄱ
눈길,2,ㄴㄱ
눈물,2,ㄴㅁ
눈병,2,ㄴㅂ
눈빛,2,ㄴㅂ
눈썹,2,ㄴㅆ
눈앞,2,ㄴㅇ
눕다,2,ㄴㄷ
뉴스,2,ㄴㅅ
뉴욕,2,ㄴㅇ
느낌,2,ㄴㄲ
늑대,2,ㄴㄷ
늘다,2,ㄴㄷ
늙다,2,ㄴㄷ
능력,2,ㄴㄹ
늦다,2,ㄴㄷ
다른,2,ㄷㄹ
다리,2,ㄷㄹ
다만,2,ㄷㅁ
다방,2,ㄷㅂ
다섯,2,ㄷㅅ
다소,2,ㄷㅅ
다수,2,ㄷㅅ
다시,2,ㄷㅅ
다음,2,ㄷㅇ
다툼,2,ㄷㅌ
다행,2,ㄷㅎ
닦다,2,ㄷㄷ
단계,2,ㄷㄱ
단골,2,ㄷㄱ
단독,2,ㄷㄷ
단맛,2,ㄷㅁ
단순,2,ㄷㅅ
단어,2,ㄷㅇ
단위,2,ㄷㅇ
단점,2,ㄷㅈ
단지,2,ㄷㅈ
단체,2,ㄷㅊ
단추,2,ㄷㅊ
단편,2,ㄷㅍ
단풍,2,ㄷㅍ
닫다,2,ㄷㄷ
달걀,2,ㄷㄱ
달다,2,ㄷㄷ
달러,2,ㄷㄹ
달력,2,ㄷㄹ
달리,2,ㄷㄹ
달빛,2,ㄷㅂ
닮다,2,ㄷㄷ
담다,2,ㄷㄷ
담당,2,ㄷㄷ
담배,2,ㄷㅂ
담요,2,ㄷㅇ
담임,2,ㄷㅇ
답변,2,ㄷㅂ
답장,2,ㄷㅈ
닷새,2,ㄷㅅ
당근,2,ㄷㄱ
당시,2,ㄷㅅ
당신,2,ㄷㅅ
당장,2,ㄷㅈ
닿다,2,ㄷㄷ
대가,2,ㄷㄱ
대강,2,ㄷㄱ
대개,2,ㄷㄱ
대구,2,ㄷㄱ
대기,2,ㄷㄱ
대낮,2,ㄷㄴ
대다,2,ㄷㄷ
대답,2,ㄷㄷ
대략,2,ㄷㄹ
대량,2,ㄷㄹ
대로,2,ㄷㄹ
대륙,2,ㄷㄹ
대문,2,ㄷㅁ
대비,2,ㄷㅂ
대사,2,ㄷㅅ
대신,2,ㄷㅅ
대응,2,ㄷㅇ
대입,2,ㄷㅇ
대전,2,ㄷㅈ
대접,2,ㄷㅈ
대중,2,ㄷㅈ
대책,2,ㄷㅊ
대체,2,ㄷㅊ
대출,2,ㄷㅊ
대충,2,ㄷㅊ
대표,2,ㄷㅍ
대학,2,ㄷㅎ
대형,2,ㄷㅎ
대화,2,ㄷㅎ
대회,2,ㄷㅎ
더욱,2,ㄷㅇ
더위,2,ㄷㅇ
덕분,2,ㄷㅂ
덜다,2,ㄷㄷ
덥다,2,ㄷㄷ
덮다,2,ㄷㄷ
도구,2,ㄷㄱ
도덕,2,ㄷㄷ
도둑,2,ㄷㄷ
도로,2,ㄷㄹ
도마,2,ㄷㅁ
도망,2,ㄷㅁ
도시,2,ㄷㅅ
도심,2,ㄷㅅ
도움,2,ㄷㅇ
도입,2,ㄷㅇ
도장,2,ㄷㅈ
도전,2,ㄷㅈ
도중,2,ㄷㅈ
도착,2,ㄷㅊ
독감,2,ㄷㄱ
독립,2,ㄷㄹ
독서,2,ㄷㅅ
독일,2,ㄷㅇ
돌다,2,ㄷㄷ
돕다,2,ㄷㄷ
동기,2,ㄷㄱ
동네,2,ㄷㄴ
동료,2,ㄷㄹ
동물,2,ㄷㅁ
동부,2,ㄷㅂ
동생,2,ㄷㅅ
동서,2,ㄷㅅ
동시,2,ㄷㅅ
동안,2,ㄷㅇ
동양,2,ㄷㅇ
동의,2,ㄷㅇ
동작,2,ㄷㅈ
동전,2,ㄷㅈ
동쪽,2,ㄷㅉ
동창,2,ㄷㅊ
동포,2,ㄷㅍ
동행,2,ㄷㅎ
동화,2,ㄷㅎ
돼지,2,ㄷㅈ
되게,2,ㄷㄱ
되다,2,ㄷㄷ
된장,2,ㄷㅈ
두께,2,ㄷㄲ
두뇌,2,ㄷㄴ
두다,2,ㄷㄷ
두부,2,ㄷㅂ
두세,2,ㄷㅅ
두어,2,ㄷㅇ
두통,2,ㄷㅌ
둘째,2,ㄷㅉ
둥지,2,ㄷㅈ
뒤쪽,2,ㄷㅉ
뒤편,2,ㄷㅍ
뒷문,2,ㄷㅁ
뒷산,2,ㄷㅅ
듣다,2,ㄷㄷ
들다,2,ㄷㄷ
듯이,2,ㄷㅇ
등등,2,ㄷㄷ
등록,2,ㄷㄹ
등산,2,ㄷㅅ
등장,2,ㄷㅈ
따님,2,ㄸㄴ
따다,2,ㄸㄷ
따로,2,ㄸㄹ
딸기,2,ㄸㄱ
땅속,2,ㄸㅅ
땅콩,2,ㄸㅋ
때로,2,ㄸㄹ
때문,2,ㄸㅁ
떡국,2,ㄸㄱ
떨다,2,ㄸㄷ
떼다,2,ㄸㄷ
또는,2,ㄸㄴ
또한,2,ㄸㅎ
뚜껑,2,ㄸㄲ
뚫다,2,ㄸㄷ
뛰다,2,ㄸㄷ
뜨다,2,ㄸㄷ
뜯다,2,ㄸㄷ
뜻밖,2,ㄸㅂ
띄다,2,ㄸㄷ
라면,2,ㄹㅁ
라인,2,ㄹㅇ
라켓,2,ㄹㅋ
런던,2,ㄹㄷ
레몬,2,ㄹㅁ
레저,2,ㄹㅈ
렌즈,2,ㄹㅈ
로봇,2,ㄹㅂ
리그,2,ㄹㄱ
리듬,2,ㄹㄷ
리터,2,ㄹㅌ
마구,2,ㅁㄱ
마늘,2,ㅁㄴ
마당,2,ㅁㄷ
마디,2,ㅁㄷ
마련,2,ㅁㄹ
마루,2,ㅁㄹ
마리,2,ㅁㄹ
마약,2,ㅁㅇ
마을,2,ㅁㅇ
마음,2,ㅁㅇ
마주,2,ㅁㅈ
마중,2,ㅁㅈ
마찰,2,ㅁㅊ
마치,2,ㅁㅊ
마침,2,ㅁㅊ
마크,2,ㅁㅋ
마흔,2,ㅁㅎ
막내,2,ㅁㄴ
막다,2,ㅁㄷ
막상,2,ㅁㅅ
만남,2,ㅁㄴ
만두,2,ㅁㄷ
만세,2,ㅁㅅ
만약,2,ㅁㅇ
만일,2,ㅁㅇ
만점,2,ㅁㅈ
만족,2,ㅁㅈ
만큼,2,ㅁㅋ
만화,2,ㅁㅎ
많다,2,ㅁㄷ
많이,2,ㅁㅇ
말기,2,ㅁㄱ
말다,2,ㅁㄷ
말씀,2,ㅁㅆ
말투,2,ㅁㅌ
맑다,2,ㅁㄷ
맞다,2,ㅁㄷ
맡다,2,ㅁㄷ
매너,2,ㅁㄴ
매년,2,ㅁㄴ
매다,2,ㅁㄷ
매달,2,ㅁㄷ
매력,2,ㅁㄹ
매번,2,ㅁㅂ
매우,2,ㅁㅇ
매일,2,ㅁㅇ
매장,2,ㅁㅈ
매주,2,ㅁㅈ
매체,2,ㅁㅊ
맥주,2,ㅁㅈ
맵다,2,ㅁㄷ
맺다,2,ㅁㄷ
머리,2,ㅁㄹ
먹다,2,ㅁㄷ
먹이,2,ㅁㅇ
먼저,2,ㅁㅈ
먼지,2,ㅁㅈ
멀다,2,ㅁㄷ
멀리,2,ㅁㄹ
멍멍,2,ㅁㅁ
멎다,2,ㅁㄷ
메뉴,2,ㅁㄴ
메다,2,ㅁㄷ
메모,2,ㅁㅁ
메일,2,ㅁㅇ
며칠,2,ㅁㅊ
면담,2,ㅁㄷ
면적,2,ㅁㅈ
면접,2,ㅁㅈ
멸치,2,ㅁㅊ
명단,2,ㅁㄷ
명령,2,ㅁㄹ
명예,2,ㅁㅇ
명의,2,ㅁㅇ
명절,2,ㅁㅈ
명칭,2,ㅁㅊ
명함,2,ㅁㅎ
몇몇,2,ㅁㅁ
몇십,2,ㅁㅅ
모금,2,ㅁㄱ
모기,2,ㅁㄱ
모델,2,ㅁㄷ
모두,2,ㅁㄷ
모든,2,ㅁㄷ
모래,2,ㅁㄹ
모레,2,ㅁㄹ
모범,2,ㅁㅂ
모습,2,ㅁㅅ
모양,2,ㅁㅇ
모임,2,ㅁㅇ
모자,2,ㅁㅈ
모집,2,ㅁㅈ
목록,2,ㅁㄹ
목사,2,ㅁㅅ
목숨,2,ㅁㅅ
목욕,2,ㅁㅇ
목적,2,ㅁㅈ
목표,2,ㅁㅍ
몰다,2,ㅁㄷ
몰래,2,ㅁㄹ
몸매,2,ㅁㅁ
몸살,2,ㅁㅅ
몸속,2,ㅁㅅ
몸짓,2,ㅁㅈ
몸통,2,ㅁㅌ
몹시,2,ㅁㅅ
묘사,2,ㅁㅅ
무게,2,ㅁㄱ
무기,2,ㅁㄱ
무늬,2,ㅁㄴ
무대,2,ㅁㄷ
무덤,2,ㅁㄷ
무려,2,ㅁㄹ
무렵,2,ㅁㄹ
무료,2,ㅁㄹ
무릎,2,ㅁㄹ
무리,2,ㅁㄹ
무슨,2,ㅁㅅ
무어,2,ㅁㅇ
무엇,2,ㅁㅇ
무역,2,ㅁㅇ
무용,2,ㅁㅇ
무척,2,ㅁㅊ
묵다,2,ㅁㄷ
묶다,2,ㅁㄷ
문구,2,ㅁㄱ
문득,2,ㅁㄷ
문밖,2,ㅁㅂ
문법,2,ㅁㅂ
문서,2,ㅁㅅ
문자,2,ㅁㅈ
문장,2,ㅁㅈ
문제,2,ㅁㅈ
문학,2,ㅁㅎ
문화,2,ㅁㅎ
묻다,2,ㅁㄷ
물가,2,ㅁㄱ
물건,2,ㅁㄱ
물결,2,ㅁㄱ
물기,2,ㅁㄱ
물다,2,ㅁㄷ
물론,2,ㅁㄹ
물속,2,ㅁㅅ
물음,2,ㅁㅇ
물질,2,ㅁㅈ
물체,2,ㅁㅊ
미국,2,ㅁㄱ
미니,2,ㅁㄴ
미래,2,ㅁㄹ
미리,2,ㅁㄹ
미만,2,ㅁㅁ
미소,2,ㅁㅅ
미술,2,ㅁㅅ
미스,2,ㅁㅅ
미역,2,ㅁㅇ
미움,2,ㅁㅇ
미인,2,ㅁㅇ
미처,2,ㅁㅊ
미터,2,ㅁㅌ
미팅,2,ㅁㅌ
미혼,2,ㅁㅎ
민간,2,ㅁㄱ
민속,2,ㅁㅅ
민족,2,ㅁㅈ
민주,2,ㅁㅈ
믿다,2,ㅁㄷ
믿음,2,ㅁㅇ
밀다,2,ㅁㄷ
밉다,2,ㅁㄷ
바깥,2,ㅂㄲ
바늘,2,ㅂㄴ
바다,2,ㅂㄷ
바닥,2,ㅂㄷ
바람,2,ㅂㄹ
바로,2,ㅂㄹ
바보,2,ㅂㅂ
바싹,2,ㅂㅆ
바위,2,ㅂㅇ
바지,2,ㅂㅈ
바퀴,2,ㅂㅋ
바탕,2,ㅂㅌ
박다,2,ㅂㄷ
박사,2,ㅂㅅ
박수,2,ㅂㅅ
박스,2,ㅂㅅ
반대,2,ㅂㄷ
반말,2,ㅂㅁ
반면,2,ㅂㅁ
반발,2,ㅂㅂ
반성,2,ㅂㅅ
반응,2,ㅂㅇ
반장,2,ㅂㅈ
반죽,2,ㅂㅈ
반지,2,ㅂㅈ
반찬,2,ㅂㅊ
받다,2,ㅂㄷ
받침,2,ㅂㅊ
발견,2,ㅂㄱ
발길,2,ㅂㄱ
발끝,2,ㅂㄲ
발달,2,ㅂㄷ
발등,2,ㅂㄷ
발레,2,ㅂㄹ
발목,2,ㅂㅁ
발생,2,ㅂㅅ
발음,2,ㅂㅇ
발전,2,ㅂㅈ
발톱,2,ㅂㅌ
발표,2,ㅂㅍ
밝다,2,ㅂㄷ
밟다,2,ㅂㄷ
밤낮,2,ㅂㄴ
밤새,2,ㅂㅅ
밤색,2,ㅂㅅ
밤중,2,ㅂㅈ
밥맛,2,ㅂㅁ
밥상,2,ㅂㅅ
밥솥,2,ㅂㅅ
방금,2,ㅂㄱ
방면,2,ㅂㅁ
방문,2,ㅂㅁ
방법,2,ㅂㅂ
방송,2,ㅂㅅ
방식,2,ㅂㅅ
방안,2,ㅂㅇ
방울,2,ㅂㅇ
방지,2,ㅂㅈ
방학,2,ㅂㅎ
방해,2,ㅂㅎ
방향,2,ㅂㅎ
배경,2,ㅂㄱ
배구,2,ㅂㄱ
배꼽,2,ㅂㄲ
배다,2,ㅂㄷ
배달,2,ㅂㄷ
배우,2,ㅂㅇ
배추,2,ㅂㅊ
배치,2,ㅂㅊ
백색,2,ㅂㅅ
백성,2,ㅂㅅ
백인,2,ㅂㅇ
백제,2,ㅂㅈ
뱉다,2,ㅂㄷ
버릇,2,ㅂㄹ
버섯,2,ㅂㅅ
버스,2,ㅂㅅ
버터,2,ㅂㅌ
버튼,2,ㅂㅌ
번개,2,ㅂㄱ
번역,2,ㅂㅇ
번지,2,ㅂㅈ
번째,2,ㅂㅉ
번호,2,ㅂㅎ
벌금,2,ㅂㄱ
벌다,2,ㅂㄷ
벌떡,2,ㅂㄸ
벌레,2,ㅂㄹ
벌써,2,ㅂㅆ
범위,2,ㅂㅇ
범인,2,ㅂㅇ
범죄,2,ㅂㅈ
법률,2,ㅂㄹ
법원,2,ㅂㅇ
법적,2,ㅂㅈ
법칙,2,ㅂㅊ
벗다,2,ㅂㄷ
베개,2,ㅂㄱ
베다,2,ㅂㄷ
벤치,2,ㅂㅊ
벨트,2,ㅂㅌ
변경,2,ㅂㄱ
변동,2,ㅂㄷ
변명,2,ㅂㅁ
변신,2,ㅂㅅ
변화,2,ㅂㅎ
별도,2,ㅂㄷ
별로,2,ㅂㄹ
별명,2,ㅂㅁ
별일,2,ㅂㅇ
병실,2,ㅂㅅ
병원,2,ㅂㅇ
보고,2,ㅂㄱ
보관,2,ㅂㄱ
보다,2,ㅂㄷ
보도,2,ㅂㄷ
보람,2,ㅂㄹ
보름,2,ㅂㄹ
보리,2,ㅂㄹ
보상,2,ㅂㅅ
보수,2,ㅂㅅ
보안,2,ㅂㅇ
보장,2,ㅂㅈ
보전,2,ㅂㅈ
보조,2,ㅂㅈ
보존,2,ㅂㅈ
보통,2,ㅂㅌ
보험,2,ㅂㅎ
보호,2,ㅂㅎ
복도,2,ㅂㄷ
복사,2,ㅂㅅ
복습,2,ㅂㅅ
볶다,2,ㅂㄷ
볶음,2,ㅂㅇ
본래,2,ㅂㄹ
본부,2,ㅂㅂ
본사,2,ㅂㅅ
본성,2,ㅂㅅ
본인,2,ㅂㅇ
본질,2,ㅂㅈ
볼링,2,ㅂㄹ
볼일,2,ㅂㅇ
볼펜,2,ㅂㅍ
봉사,2,ㅂㅅ
봉지,2,ㅂㅈ
봉투,2,ㅂㅌ
뵈다,2,ㅂㄷ
뵙다,2,ㅂㄷ
부근,2,ㅂㄱ
부담,2,ㅂㄷ
부대,2,ㅂㄷ
부모,2,ㅂㅁ
부문,2,ㅂㅁ
부부,2,ㅂㅂ
부분,2,ㅂㅂ
부산,2,ㅂㅅ
부상,2,ㅂㅅ
부서,2,ㅂㅅ
부엌,2,ㅂㅇ
부위,2,ㅂㅇ
부인,2,ㅂㅇ
부자,2,ㅂㅈ
부장,2,ㅂㅈ
부재,2,ㅂㅈ
부정,2,ㅂㅈ
부족,2,ㅂㅈ
부채,2,ㅂㅊ
부처,2,ㅂㅊ
부친,2,ㅂㅊ
부탁,2,ㅂㅌ
부품,2,ㅂㅍ
부피,2,ㅂㅍ
북부,2,ㅂㅂ
북쪽,2,ㅂㅉ
북한,2,ㅂㅎ
분노,2,ㅂㄴ
분량,2,ㅂㄹ
분리,2,ㅂㄹ
분명,2,ㅂㅁ
분석,2,ㅂㅅ
분야,2,ㅂㅇ
분필,2,ㅂㅍ
불과,2,ㅂㄱ
불교,2,ㅂㄱ
불꽃,2,ㅂㄲ
불다,2,ㅂㄷ
불만,2,ㅂㅁ
불법,2,ㅂㅂ
불빛,2,ㅂㅂ
불안,2,ㅂㅇ
불편,2,ㅂㅍ
불평,2,ㅂㅍ
불행,2,ㅂㅎ
붉다,2,ㅂㄷ
붓다,2,ㅂㄷ
붙다,2,ㅂㄷ
비교,2,ㅂㄱ
비극,2,ㅂㄱ
비난,2,ㅂㄴ
비누,2,ㅂㄴ
비닐,2,ㅂㄴ
비다,2,ㅂㄷ
비만,2,ㅂㅁ
비명,2,ㅂㅁ
비밀,2,ㅂㅁ
비상,2,ㅂㅅ
비서,2,ㅂㅅ
비용,2,ㅂㅇ
비율,2,ㅂㅇ
비중,2,ㅂㅈ
비판,2,ㅂㅍ
비행,2,ㅂㅎ
빌다,2,ㅂㄷ
빌딩,2,ㅂㄷ
빗물,2,ㅂㅁ
빛깔,2,ㅂㄲ
빨다,2,ㅃㄷ
빨래,2,ㅃㄹ
빨리,2,ㅃㄹ
빼다,2,ㅃㄷ
뺏다,2,ㅃㄷ
뻗다,2,ㅃㄷ
뽑다,2,ㅃㄷ
뿌리,2,ㅃㄹ
사건,2,ㅅㄱ
사고,2,ㅅㄱ
사과,2,ㅅㄱ
사기,2,ㅅㄱ
사냥,2,ㅅㄴ
사다,2,ㅅㄷ
사람,2,ㅅㄹ
사랑,2,ㅅㄹ
사례,2,ㅅㄹ
사립,2,ㅅㄹ
사망,2,ㅅㅁ
사무,2,ㅅㅁ
사물,2,ㅅㅁ
사방,2,ㅅㅂ
사상,2,ㅅㅅ
사설,2,ㅅㅅ
사슴,2,ㅅㅅ
사실,2,ㅅㅅ
사십,2,ㅅㅅ
사업,2,ㅅㅇ
사용,2,ㅅㅇ
사원,2,ㅅㅇ
사월,2,ㅅㅇ
사위,2,ㅅㅇ
사이,2,ㅅㅇ
사자,2,ㅅㅈ
사장,2,ㅅㅈ
사전,2,ㅅㅈ
사정,2,ㅅㅈ
사진,2,ㅅㅈ
사촌,2,ㅅㅊ
사탕,2,ㅅㅌ
사표,2,ㅅㅍ
사회,2,ㅅㅎ
사흘,2,ㅅㅎ
산길,2,ㅅㄱ
산소,2,ㅅㅅ
산속,2,ㅅㅅ
산업,2,ㅅㅇ
산책,2,ㅅㅊ
살다,2,ㅅㄷ
살림,2,ㅅㄹ
살인,2,ㅅㅇ
살짝,2,ㅅㅉ
삶다,2,ㅅㄷ
삼국,2,ㅅㄱ
삼다,2,ㅅㄷ
삼십,2,ㅅㅅ
삼월,2,ㅅㅇ
삼촌,2,ㅅㅊ
상관,2,ㅅㄱ
상금,2,ㅅㄱ
상담,2,ㅅㄷ
상당,2,ㅅㄷ
상대,2,ㅅㄷ
상류,2,ㅅㄹ
상상,2,ㅅㅅ
상식,2,ㅅㅅ
상업,2,ㅅㅇ
상인,2,ㅅㅇ
상자,2,ㅅㅈ
상점,2,ㅅㅈ
상처,2,ㅅㅊ
상추,2,ㅅㅊ
상태,2,ㅅㅌ
상표,2,ㅅㅍ
상품,2,ㅅㅍ
상황,2,ㅅㅎ
새끼,2,ㅅㄲ
새다,2,ㅅㄷ
새로,2,ㅅㄹ
새벽,2,ㅅㅂ
새우,2,ㅅㅇ
새해,2,ㅅㅎ
색깔,2,ㅅㄲ
생각,2,ㅅㄱ
생기,2,ㅅㄱ
생명,2,ㅅㅁ
생물,2,ㅅㅁ
생산,2,ㅅㅅ
생선,2,ㅅㅅ
생신,2,ㅅㅅ
생일,2,ㅅㅇ
생활,2,ㅅㅎ
샤워,2,ㅅㅇ
서구,2,ㅅㄱ
서너,2,ㅅㄴ
서다,2,ㅅㄷ
서랍,2,ㅅㄹ
서로,2,ㅅㄹ
서류,2,ㅅㄹ
서른,2,ㅅㄹ
서명,2,ㅅㅁ
서민,2,ㅅㅁ
서부,2,ㅅㅂ
서양,2,ㅅㅇ
서울,2,ㅅㅇ
서적,2,ㅅㅈ
서점,2,ㅅㅈ
서쪽,2,ㅅㅉ
서클,2,ㅅㅋ
석사,2,ㅅㅅ
석유,2,ㅅㅇ
섞다,2,ㅅㄷ
선거,2,ㅅㄱ
선물,2,ㅅㅁ
선배,2,ㅅㅂ
선생,2,ㅅㅅ
선수,2,ㅅㅅ
선원,2,ㅅㅇ
선장,2,ㅅㅈ
선전,2,ㅅㅈ
선진,2,ㅅㅈ
선택,2,ㅅㅌ
설날,2,ㅅㄴ
설명,2,ㅅㅁ
설문,2,ㅅㅁ
설사,2,ㅅㅅ
설치,2,ㅅㅊ
설탕,2,ㅅㅌ
섭씨,2,ㅅㅆ
성격,2,ㅅㄱ
성경,2,ㅅㄱ
성공,2,ㅅㄱ
성당,2,ㅅㄷ
성명,2,ㅅㅁ
성별,2,ㅅㅂ
성인,2,ㅅㅇ
성장,2,ㅅㅈ
성적,2,ㅅㅈ
성질,2,ㅅㅈ
성함,2,ㅅㅎ
세계,2,ㅅㄱ
세금,2,ㅅㄱ
세기,2,ㅅㄱ
세다,2,ㅅㄷ
세대,2,ㅅㄷ
세로,2,ㅅㄹ
세상,2,ㅅㅅ
세수,2,ㅅㅅ
세월,2,ㅅㅇ
세제,2,ㅅㅈ
세탁,2,ㅅㅌ
세트,2,ㅅㅌ
센터,2,ㅅㅌ
셋째,2,ㅅㅉ
소개,2,ㅅㄱ
소금,2,ㅅㄱ
소녀,2,ㅅㄴ
소년,2,ㅅㄴ
소득,2,ㅅㄷ
소리,2,ㅅㄹ
소망,2,ㅅㅁ
소매,2,ㅅㅁ
소문,2,ㅅㅁ
소비,2,ㅅㅂ
소설,2,ㅅㅅ
소속,2,ㅅㅅ
소수,2,ㅅㅅ
소스,2,ㅅㅅ
소식,2,ㅅㅅ
소용,2,ㅅㅇ
소원,2,ㅅㅇ
소위,2,ㅅㅇ
소유,2,ㅅㅇ
소음,2,ㅅㅇ
소재,2,ㅅㅈ
소주,2,ㅅㅈ
소질,2,ㅅㅈ
소파,2,ㅅㅍ
소포,2,ㅅㅍ
소풍,2,ㅅㅍ
소형,2,ㅅㅎ
소화,2,ㅅㅎ
속담,2,ㅅㄷ
속도,2,ㅅㄷ
속옷,2,ㅅㅇ
손길,2,ㅅㄱ
손녀,2,ㅅㄴ
손님,2,ㅅㄴ
손등,2,ㅅㄷ
손목,2,ㅅㅁ
손발,2,ㅅㅂ
손뼉,2,ㅅㅃ
손수,2,ㅅㅅ
손실,2,ㅅㅅ
손자,2,ㅅㅈ
손질,2,ㅅㅈ
손톱,2,ㅅㅌ
손해,2,ㅅㅎ
솜씨,2,ㅅㅆ
솟다,2,ㅅㄷ
송이,2,ㅅㅇ
송편,2,ㅅㅍ
쇼핑,2,ㅅㅍ
수건,2,ㅅㄱ
수고,2,ㅅㄱ
수년,2,ㅅㄴ
수단,2,ㅅㄷ
수도,2,ㅅㄷ
수만,2,ㅅㅁ
수면,2,ㅅㅁ
수명,2,ㅅㅁ
수박,2,ㅅㅂ
수백,2,ㅅㅂ
수상,2,ㅅㅅ
수석,2,ㅅㅅ
수술,2,ㅅㅅ
수십,2,ㅅㅅ
수업,2,ㅅㅇ
수염,2,ㅅㅇ
수영,2,ㅅㅇ
수요,2,ㅅㅇ
수입,2,ㅅㅇ
수저,2,ㅅㅈ
수준,2,ㅅㅈ
수집,2,ㅅㅈ
수천,2,ㅅㅊ
수출,2,ㅅㅊ
수컷,2,ㅅㅋ
수표,2,ㅅㅍ
수필,2,ㅅㅍ
수학,2,ㅅㅎ
숙녀,2,ㅅㄴ
숙소,2,ㅅㅅ
숙제,2,ㅅㅈ
순간,2,ㅅㄱ
순서,2,ㅅㅅ
순수,2,ㅅㅅ
순위,2,ㅅㅇ
술병,2,ㅅㅂ
술잔,2,ㅅㅈ
술집,2,ㅅㅈ
숨다,2,ㅅㄷ
숫자,2,ㅅㅈ
쉬다,2,ㅅㄷ
쉽다,2,ㅅㄷ
스님,2,ㅅㄴ
스무,2,ㅅㅁ
스물,2,ㅅㅁ
스승,2,ㅅㅅ
스키,2,ㅅㅋ
스타,2,ㅅㅌ
슬쩍,2,ㅅㅉ
슬픔,2,ㅅㅍ
습관,2,ㅅㄱ
습기,2,ㅅㄱ
승객,2,ㅅㄱ
승리,2,ㅅㄹ
승부,2,ㅅㅂ
승진,2,ㅅㅈ
시각,2,ㅅㄱ
시간,2,ㅅㄱ
시계,2,ㅅㄱ
시골,2,ㅅㄱ
시기,2,ㅅㄱ
시내,2,ㅅㄴ
시대,2,ㅅㄷ
시댁,2,ㅅㄷ
시도,2,ㅅㄷ
시디,2,ㅅㄷ
시민,2,ㅅㅁ
시선,2,ㅅㅅ
시설,2,ㅅㅅ
시야,2,ㅅㅇ
시외,2,ㅅㅇ
시월,2,ㅅㅇ
시위,2,ㅅㅇ
시인,2,ㅅㅇ
시일,2,ㅅㅇ
시작,2,ㅅㅈ
시장,2,ㅅㅈ
시절,2,ㅅㅈ
시점,2,ㅅㅈ
시중,2,ㅅㅈ
시즌,2,ㅅㅈ
시집,2,ㅅㅈ
시청,2,ㅅㅊ
시합,2,ㅅㅎ
시험,2,ㅅㅎ
식구,2,ㅅㄱ
식기,2,ㅅㄱ
식다,2,ㅅㄷ
식당,2,ㅅㄷ
식량,2,ㅅㄹ
식물,2,ㅅㅁ
식빵,2,ㅅㅃ
식사,2,ㅅㅅ
식욕,2,ㅅㅇ
식초,2,ㅅㅊ
식탁,2,ㅅㅌ
식품,2,ㅅㅍ
신경,2,ㅅㄱ
신고,2,ㅅㄱ
신규,2,ㅅㄱ
신념,2,ㅅㄴ
신다,2,ㅅㄷ
신라,2,ㅅㄹ
신랑,2,ㅅㄹ
신문,2,ㅅㅁ
신발,2,ㅅㅂ
신부,2,ㅅㅂ
신분,2,ㅅㅂ
신비,2,ㅅㅂ
신사,2,ㅅㅅ
신설,2,ㅅㅅ
신세,2,ㅅㅅ
신용,2,ㅅㅇ
신인,2,ㅅㅇ
신청,2,ㅅㅊ
신체,2,ㅅㅊ
신호,2,ㅅㅎ
신화,2,ㅅㅎ
싣다,2,ㅅㄷ
실감,2,ㅅㄱ
실내,2,ㅅㄴ
실력,2,ㅅㄹ
실례,2,ㅅㄹ
실로,2,ㅅㄹ
실망,2,ㅅㅁ
실수,2,ㅅㅅ
실습,2,ㅅㅅ
실시,2,ㅅㅅ
실은,2,ㅅㅇ
실장,2,ㅅㅈ
실정,2,ㅅㅈ
실제,2,ㅅㅈ
실천,2,ㅅㅊ
실체,2,ㅅㅊ
실컷,2,ㅅㅋ
실태,2,ㅅㅌ
실패,2,ㅅㅍ
실험,2,ㅅㅎ
실현,2,ㅅㅎ
싫다,2,ㅅㄷ
심다,2,ㅅㄷ
심리,2,ㅅㄹ
심사,2,ㅅㅅ
심장,2,ㅅㅈ
심정,2,ㅅㅈ
심판,2,ㅅㅍ
싶다,2,ㅅㄷ
싸다,2,ㅆㄷ
싸움,2,ㅆㅇ
싼값,2,ㅆㄱ
쌓다,2,ㅆㄷ
썩다,2,ㅆㄷ
썰다,2,ㅆㄷ
쏘다,2,ㅆㄷ
쏟다,2,ㅆㄷ
쓰다,2,ㅆㄷ
쓴맛,2,ㅆㅁ
쓸다,2,ㅆㄷ
씨름,2,ㅆㄹ
씨앗,2,ㅆㅇ
씹다,2,ㅆㄷ
씻다,2,ㅆㄷ
아기,2,ㅇㄱ
아까,2,ㅇㄲ
아내,2,ㅇㄴ
아냐,2,ㅇㄴ
아뇨,2,ㅇㄴ
아니,2,ㅇㄴ
아들,2,ㅇㄷ
아래,2,ㅇㄹ
아마,2,ㅇㅁ
아무,2,ㅇㅁ
아빠,2,ㅇㅃ
아아,2,ㅇㅇ
아예,2,ㅇㅇ
아유,2,ㅇㅇ
아이,2,ㅇㅇ
아주,2,ㅇㅈ
아직,2,ㅇㅈ
아침,2,ㅇㅊ
아픔,2,ㅇㅍ
아하,2,ㅇㅎ
아홉,2,ㅇㅎ
아흔,2,ㅇㅎ
악기,2,ㅇㄱ
악몽,2,ㅇㅁ
악수,2,ㅇㅅ
안개,2,ㅇㄱ
안경,2,ㅇㄱ
안과,2,ㅇㄱ
안내,2,ㅇㄴ
안녕,2,ㅇㄴ
안다,2,ㅇㄷ
안동,2,ㅇㄷ
안방,2,ㅇㅂ
안부,2,ㅇㅂ
안전,2,ㅇㅈ
안정,2,ㅇㅈ
안주,2,ㅇㅈ
안쪽,2,ㅇㅉ
안팎,2,ㅇㅍ
앉다,2,ㅇㄷ
않다,2,ㅇㄷ
알다,2,ㅇㄷ
앓다,2,ㅇㄷ
암시,2,ㅇㅅ
암컷,2,ㅇㅋ
압력,2,ㅇㄹ
앞길,2,ㅇㄱ
앞날,2,ㅇㄴ
앞뒤,2,ㅇㄷ
앞문,2,ㅇㅁ
앞서,2,ㅇㅅ
앞쪽,2,ㅇㅉ
애인,2,ㅇㅇ
애정,2,ㅇㅈ
애초,2,ㅇㅊ
액수,2,ㅇㅅ
앨범,2,ㅇㅂ
야간,2,ㅇㄱ
야구,2,ㅇㄱ
야단,2,ㅇㄷ
야옹,2,ㅇㅇ
야외,2,ㅇㅇ
야채,2,ㅇㅊ
약간,2,ㅇㄱ
약국,2,ㅇㄱ
약속,2,ㅇㅅ
약수,2,ㅇㅅ
약점,2,ㅇㅈ
약품,2,ㅇㅍ
얇다,2,ㅇㄷ
양국,2,ㅇㄱ
양념,2,ㅇㄴ
양력,2,ㅇㄹ
양말,2,ㅇㅁ
양보,2,ㅇㅂ
양복,2,ㅇㅂ
양식,2,ㅇㅅ
양심,2,ㅇㅅ
양옆,2,ㅇㅇ
양주,2,ㅇㅈ
양쪽,2,ㅇㅉ
양파,2,ㅇㅍ
얕다,2,ㅇㄷ
얘기,2,ㅇㄱ
어깨,2,ㅇㄲ
어느,2,ㅇㄴ
어둠,2,ㅇㄷ
어디,2,ㅇㄷ
어때,2,ㅇㄸ
어떤,2,ㅇㄸ
어른,2,ㅇㄹ
어머,2,ㅇㅁ
어서,2,ㅇㅅ
어제,2,ㅇㅈ
어쩜,2,ㅇㅉ
어찌,2,ㅇㅉ
언니,2,ㅇㄴ
언덕,2,ㅇㄷ
언론,2,ㅇㄹ
언어,2,ㅇㅇ
언제,2,ㅇㅈ
얹다,2,ㅇㄷ
얻다,2,ㅇㄷ
얼굴,2,ㅇㄱ
얼다,2,ㅇㄷ
얼른,2,ㅇㄹ
얼마,2,ㅇㅁ
얼음,2,ㅇㅇ
얼핏,2,ㅇㅍ
엄마,2,ㅇㅁ
업다,2,ㅇㄷ
업무,2,ㅇㅁ
업종,2,ㅇㅈ
업체,2,ㅇㅊ
없다,2,ㅇㄷ
없이,2,ㅇㅇ
엉망,2,ㅇㅁ
엔진,2,ㅇㅈ
여가,2,ㅇㄱ
여간,2,ㅇㄱ
여건,2,ㅇㄱ
여관,2,ㅇㄱ
여군,2,ㅇㄱ
여권,2,ㅇㄱ
여기,2,ㅇㄱ
여덟,2,ㅇㄷ
여든,2,ㅇㄷ
여러,2,ㅇㄹ
여럿,2,ㅇㄹ
여론,2,ㅇㄹ
여름,2,ㅇㄹ
여보,2,ㅇㅂ
여섯,2,ㅇㅅ
여성,2,ㅇㅅ
여왕,2,ㅇㅇ
여우,2,ㅇㅇ
여유,2,ㅇㅇ
여인,2,ㅇㅇ
여자,2,ㅇㅈ
여행,2,ㅇㅎ
역사,2,ㅇㅅ
역시,2,ㅇㅅ
역할,2,ㅇㅎ
연간,2,ㅇㄱ
연결,2,ㅇㄱ
연관,2,ㅇㄱ
연구,2,ㅇㄱ
연극,2,ㅇㄱ
연기,2,ㅇㄱ
연락,2,ㅇㄹ
연령,2,ㅇㄹ
연말,2,ㅇㅁ
연설,2,ㅇㅅ
연세,2,ㅇㅅ
연속,2,ㅇㅅ
연습,2,ㅇㅅ
연애,2,ㅇㅇ
연인,2,ㅇㅇ
연장,2,ㅇㅈ
연주,2,ㅇㅈ
연출,2,ㅇㅊ
연필,2,ㅇㅍ
연합,2,ㅇㅎ
연휴,2,ㅇㅎ
열기,2,ㅇㄱ
열다,2,ㅇㄷ
열매,2,ㅇㅁ
열쇠,2,ㅇㅅ
열정,2,ㅇㅈ
열차,2,ㅇㅊ
열흘,2,ㅇㅎ
엷다,2,ㅇㄷ
염려,2,ㅇㄹ
엽서,2,ㅇㅅ
영국,2,ㅇㄱ
영남,2,ㅇㄴ
영상,2,ㅇㅅ
영양,2,ㅇㅇ
영어,2,ㅇㅇ
영업,2,ㅇㅇ
영역,2,ㅇㅇ
영웅,2,ㅇㅇ
영하,2,ㅇㅎ
영향,2,ㅇㅎ
영혼,2,ㅇㅎ
영화,2,ㅇㅎ
옆방,2,ㅇㅂ
옆집,2,ㅇㅈ
예감,2,ㅇㄱ
예금,2,ㅇㄱ
예방,2,ㅇㅂ
예보,2,ㅇㅂ
예비,2,ㅇㅂ
예산,2,ㅇㅅ
예상,2,ㅇㅅ
예선,2,ㅇㅅ
예순,2,ㅇㅅ
예술,2,ㅇㅅ
예습,2,ㅇㅅ
예약,2,ㅇㅇ
예외,2,ㅇㅇ
예의,2,ㅇㅇ
예전,2,ㅇㅈ
예절,2,ㅇㅈ
예정,2,ㅇㅈ
옛날,2,ㅇㄴ
오늘,2,ㅇㄴ
오다,2,ㅇㄷ
오락,2,ㅇㄹ
오래,2,ㅇㄹ
오랜,2,ㅇㄹ
오리,2,ㅇㄹ
오븐,2,ㅇㅂ
오빠,2,ㅇㅃ
오십,2,ㅇㅅ
오염,2,ㅇㅇ
오월,2,ㅇㅇ
오이,2,ㅇㅇ
오전,2,ㅇㅈ
오직,2,ㅇㅈ
오해,2,ㅇㅎ
오후,2,ㅇㅎ
옥상,2,ㅇㅅ
온갖,2,ㅇㄱ
온도,2,ㅇㄷ
온돌,2,ㅇㄷ
온몸,2,ㅇㅁ
온통,2,ㅇㅌ
올해,2,ㅇㅎ
옳다,2,ㅇㄷ
와인,2,ㅇㅇ
완성,2,ㅇㅅ
완전,2,ㅇㅈ
왕비,2,ㅇㅂ
왕자,2,ㅇㅈ
왠지,2,ㅇㅈ
외과,2,ㅇㄱ
외교,2,ㅇㄱ
외국,2,ㅇㄱ
외다,2,ㅇㄷ
외모,2,ㅇㅁ
외부,2,ㅇㅂ
외제,2,ㅇㅈ
외출,2,ㅇㅊ
외침,2,ㅇㅊ
왼발,2,ㅇㅂ
왼손,2,ㅇㅅ
왼쪽,2,ㅇㅉ
요구,2,ㅇㄱ
요금,2,ㅇㄱ
요리,2,ㅇㄹ
요새,2,ㅇㅅ
요일,2,ㅇㅇ
요즘,2,ㅇㅈ
요청,2,ㅇㅊ
욕실,2,ㅇㅅ
욕심,2,ㅇㅅ
용기,2,ㅇㄱ
용도,2,ㅇㄷ
용돈,2,ㅇㄷ
용서,2,ㅇㅅ
용어,2,ㅇㅇ
우려,2,ㅇㄹ
우리,2,ㅇㄹ
우산,2,ㅇㅅ
우선,2,ㅇㅅ
우승,2,ㅇㅅ
우유,2,ㅇㅇ
우정,2,ㅇㅈ
우주,2,ㅇㅈ
우편,2,ㅇㅍ
우표,2,ㅇㅍ
운동,2,ㅇㄷ
운명,2,ㅇㅁ
운반,2,ㅇㅂ
운전,2,ㅇㅈ
운행,2,ㅇㅎ
울다,2,ㅇㄷ
울산,2,ㅇㅅ
울음,2,ㅇㅇ
웃다,2,ㅇㄷ
웃음,2,ㅇㅇ
워낙,2,ㅇㄴ
원고,2,ㅇㄱ
원래,2,ㅇㄹ
원서,2,ㅇㅅ
원인,2,ㅇㅇ
원장,2,ㅇㅈ
월급,2,ㅇㄱ
월세,2,ㅇㅅ
웬일,2,ㅇㅇ
위기,2,ㅇㄱ
위로,2,ㅇㄹ
위반,2,ㅇㅂ
위법,2,ㅇㅂ
위성,2,ㅇㅅ
위원,2,ㅇㅇ
위주,2,ㅇㅈ
위쪽,2,ㅇㅉ
위층,2,ㅇㅊ
위치,2,ㅇㅊ
위험,2,ㅇㅎ
위협,2,ㅇㅎ
윗몸,2,ㅇㅁ
유교,2,ㅇㄱ
유럽,2,ㅇㄹ
유리,2,ㅇㄹ
유머,2,ㅇㅁ
유명,2,ㅇㅁ
유물,2,ㅇㅁ
유산,2,ㅇㅅ
유월,2,ㅇㅇ
유적,2,ㅇㅈ
유학,2,ㅇㅎ
유행,2,ㅇㅎ
유형,2,ㅇㅎ
육군,2,ㅇㄱ
육상,2,ㅇㅅ
육십,2,ㅇㅅ
육체,2,ㅇㅊ
으레,2,ㅇㄹ
으응,2,ㅇㅇ
은행,2,ㅇㅎ
음력,2,ㅇㄹ
음료,2,ㅇㄹ
음반,2,ㅇㅂ
음성,2,ㅇㅅ
음식,2,ㅇㅅ
음악,2,ㅇㅇ
음주,2,ㅇㅈ
의견,2,ㅇㄱ
의논,2,ㅇㄴ
의도,2,ㅇㄷ
의류,2,ㅇㄹ
의무,2,ㅇㅁ
의문,2,ㅇㅁ
의미,2,ㅇㅁ
의복,2,ㅇㅂ
의사,2,ㅇㅅ
의식,2,ㅇㅅ
의심,2,ㅇㅅ
의욕,2,ㅇㅇ
의원,2,ㅇㅇ
의자,2,ㅇㅈ
의지,2,ㅇㅈ
의학,2,ㅇㅎ
이거,2,ㅇㄱ
이것,2,ㅇㄱ
이곳,2,ㅇㄱ
이날,2,ㅇㄴ
이내,2,ㅇㄴ
이념,2,ㅇㄴ
이놈,2,ㅇㄴ
이달,2,ㅇㄷ
이동,2,ㅇㄷ
이때,2,ㅇㄸ
이래,2,ㅇㄹ
이런,2,ㅇㄹ
이름,2,ㅇㄹ
이리,2,ㅇㄹ
이마,2,ㅇㅁ
이모,2,ㅇㅁ
이미,2,ㅇㅁ
이민,2,ㅇㅁ
이번,2,ㅇㅂ
이별,2,ㅇㅂ
이분,2,ㅇㅂ
이불,2,ㅇㅂ
이빨,2,ㅇㅃ
이사,2,ㅇㅅ
이상,2,ㅇㅅ
이성,2,ㅇㅅ
이슬,2,ㅇㅅ
이십,2,ㅇㅅ
이어,2,ㅇㅇ
이외,2,ㅇㅇ
이용,2,ㅇㅇ
이웃,2,ㅇㅇ
이월,2,ㅇㅇ
이유,2,ㅇㅇ
이익,2,ㅇㅇ
이자,2,ㅇㅈ
이전,2,ㅇㅈ
이제,2,ㅇㅈ
이중,2,ㅇㅈ
이쪽,2,ㅇㅉ
이틀,2,ㅇㅌ
이하,2,ㅇㅎ
이해,2,ㅇㅎ
이혼,2,ㅇㅎ
이후,2,ㅇㅎ
익다,2,ㅇㄷ
인간,2,ㅇㄱ
인격,2,ㅇㄱ
인공,2,ㅇㄱ
인구,2,ㅇㄱ
인근,2,ㅇㄱ
인기,2,ㅇㄱ
인도,2,ㅇㄷ
인류,2,ㅇㄹ
인물,2,ㅇㅁ
인분,2,ㅇㅂ
인사,2,ㅇㅅ
인삼,2,ㅇㅅ
인상,2,ㅇㅅ
인생,2,ㅇㅅ
인쇄,2,ㅇㅅ
인연,2,ㅇㅇ
인원,2,ㅇㅇ
인재,2,ㅇㅈ
인제,2,ㅇㅈ
인종,2,ㅇㅈ
인천,2,ㅇㅊ
인체,2,ㅇㅊ
인하,2,ㅇㅎ
인형,2,ㅇㅎ
일곱,2,ㅇㄱ
일기,2,ㅇㄱ
일단,2,ㅇㄷ
일대,2,ㅇㄷ
일등,2,ㅇㄷ
일반,2,ㅇㅂ
일본,2,ㅇㅂ
일부,2,ㅇㅂ
일상,2,ㅇㅅ
일생,2,ㅇㅅ
일손,2,ㅇㅅ
일식,2,ㅇㅅ
일쑤,2,ㅇㅆ
일월,2,ㅇㅇ
일자,2,ㅇㅈ
일정,2,ㅇㅈ
일종,2,ㅇㅈ
일찍,2,ㅇㅉ
일체,2,ㅇㅊ
일치,2,ㅇㅊ
일행,2,ㅇㅎ
일흔,2,ㅇㅎ
읽다,2,ㅇㄷ
잃다,2,ㅇㄷ
임금,2,ㅇㄱ
임무,2,ㅇㅁ
임시,2,ㅇㅅ
임신,2,ㅇㅅ
입구,2,ㅇㄱ
입국,2,ㅇㄱ
입다,2,ㅇㄷ
입대,2,ㅇㄷ
입력,2,ㅇㄹ
입맛,2,ㅇㅁ
입사,2,ㅇㅅ
입술,2,ㅇㅅ
입시,2,ㅇㅅ
입원,2,ㅇㅇ
입장,2,ㅇㅈ
입학,2,ㅇㅎ
잇다,2,ㅇㄷ
있다,2,ㅇㄷ
잊다,2,ㅇㄷ
자격,2,ㅈㄱ
자극,2,ㅈㄱ
자기,2,ㅈㄱ
자꾸,2,ㅈㄲ
자네,2,ㅈㄴ
자녀,2,ㅈㄴ
자다,2,ㅈㄷ
자동,2,ㅈㄷ
자랑,2,ㅈㄹ
자료,2,ㅈㄹ
자리,2,ㅈㄹ
자매,2,ㅈㅁ
자살,2,ㅈㅅ
자세,2,ㅈㅅ
자식,2,ㅈㅅ
자신,2,ㅈㅅ
자연,2,ㅈㅇ
자원,2,ㅈㅇ
자유,2,ㅈㅇ
자율,2,ㅈㅇ
자정,2,ㅈㅈ
자주,2,ㅈㅈ
자체,2,ㅈㅊ
자취,2,ㅈㅊ
자판,2,ㅈㅍ
작가,2,ㅈㄱ
작년,2,ㅈㄴ
작다,2,ㅈㄷ
작성,2,ㅈㅅ
작업,2,ㅈㅇ
작용,2,ㅈㅇ
작품,2,ㅈㅍ
잔디,2,ㅈㄷ
잔뜩,2,ㅈㄸ
잔치,2,ㅈㅊ
잘못,2,ㅈㅁ
잠깐,2,ㅈㄲ
잠바,2,ㅈㅂ
잠시,2,ㅈㅅ
잠옷,2,ㅈㅇ
잡다,2,ㅈㄷ
잡지,2,ㅈㅈ
장가,2,ㅈㄱ
장갑,2,ㅈㄱ
장관,2,ㅈㄱ
장군,2,ㅈㄱ
장난,2,ㅈㄴ
장남,2,ㅈㄴ
장래,2,ㅈㄹ
장례,2,ㅈㄹ
장르,2,ㅈㄹ
장마,2,ㅈㅁ
장면,2,ㅈㅁ
장모,2,ㅈㅁ
장미,2,ㅈㅁ
장비,2,ㅈㅂ
장사,2,ㅈㅅ
장소,2,ㅈㅅ
장수,2,ㅈㅅ
장식,2,ㅈㅅ
장인,2,ㅈㅇ
장점,2,ㅈㅈ
장차,2,ㅈㅊ
잦다,2,ㅈㄷ
재능,2,ㅈㄴ
재다,2,ㅈㄷ
재료,2,ㅈㄹ
재미,2,ㅈㅁ
재산,2,ㅈㅅ
재생,2,ㅈㅅ
재수,2,ㅈㅅ
재정,2,ㅈㅈ
재주,2,ㅈㅈ
재즈,2,ㅈㅈ
재판,2,ㅈㅍ
재학,2,ㅈㅎ
저거,2,ㅈㄱ
저것,2,ㅈㄱ
저곳,2,ㅈㄱ
저기,2,ㅈㄱ
저녁,2,ㅈㄴ
저런,2,ㅈㄹ
저리,2,ㅈㄹ
저번,2,ㅈㅂ
저울,2,ㅈㅇ
저자,2,ㅈㅈ
저쪽,2,ㅈㅉ
저축,2,ㅈㅊ
저편,2,ㅈㅍ
저희,2,ㅈㅎ
적극,2,ㅈㄱ
적다,2,ㅈㄷ
적성,2,ㅈㅅ
적용,2,ㅈㅇ
적응,2,ㅈㅇ
전개,2,ㅈㄱ
전공,2,ㅈㄱ
전구,2,ㅈㄱ
전국,2,ㅈㄱ
전기,2,ㅈㄱ
전날,2,ㅈㄴ
전달,2,ㅈㄷ
전망,2,ㅈㅁ
전문,2,ㅈㅁ
전반,2,ㅈㅂ
전부,2,ㅈㅂ
전선,2,ㅈㅅ
전설,2,ㅈㅅ
전세,2,ㅈㅅ
전시,2,ㅈㅅ
전용,2,ㅈㅇ
전자,2,ㅈㅈ
전쟁,2,ㅈㅈ
전주,2,ㅈㅈ
전철,2,ㅈㅊ
전체,2,ㅈㅊ
전통,2,ㅈㅌ
전혀,2,ㅈㅎ
전화,2,ㅈㅎ
전환,2,ㅈㅎ
전후,2,ㅈㅎ
절대,2,ㅈㄷ
절망,2,ㅈㅁ
절반,2,ㅈㅂ
절약,2,ㅈㅇ
절차,2,ㅈㅊ
젊다,2,ㅈㄷ
젊음,2,ㅈㅇ
점검,2,ㅈㄱ
점수,2,ㅈㅅ
점심,2,ㅈㅅ
점원,2,ㅈㅇ
점점,2,ㅈㅈ
점차,2,ㅈㅊ
접근,2,ㅈㄱ
접다,2,ㅈㄷ
접시,2,ㅈㅅ
접촉,2,ㅈㅊ
젓다,2,ㅈㄷ
정기,2,ㅈㄱ
정답,2,ㅈㄷ
정당,2,ㅈㄷ
정도,2,ㅈㄷ
정리,2,ㅈㄹ
정말,2,ㅈㅁ
정면,2,ㅈㅁ
정문,2,ㅈㅁ
정보,2,ㅈㅂ
정부,2,ㅈㅂ
정비,2,ㅈㅂ
정상,2,ㅈㅅ
정성,2,ㅈㅅ
정식,2,ㅈㅅ
정신,2,ㅈㅅ
정오,2,ㅈㅇ
정원,2,ㅈㅇ
정장,2,ㅈㅈ
정지,2,ㅈㅈ
정치,2,ㅈㅊ
젖다,2,ㅈㄷ
제공,2,ㅈㄱ
제목,2,ㅈㅁ
제발,2,ㅈㅂ
제법,2,ㅈㅂ
제비,2,ㅈㅂ
제사,2,ㅈㅅ
제시,2,ㅈㅅ
제안,2,ㅈㅇ
제약,2,ㅈㅇ
제의,2,ㅈㅇ
제일,2,ㅈㅇ
제자,2,ㅈㅈ
제작,2,ㅈㅈ
제출,2,ㅈㅊ
제품,2,ㅈㅍ
제한,2,ㅈㅎ
조각,2,ㅈㄱ
조개,2,ㅈㄱ
조건,2,ㅈㄱ
조금,2,ㅈㄱ
조기,2,ㅈㄱ
조깅,2,ㅈㄱ
조명,2,ㅈㅁ
조사,2,ㅈㅅ
조상,2,ㅈㅅ
조선,2,ㅈㅅ
조절,2,ㅈㅈ
조정,2,ㅈㅈ
조직,2,ㅈㅈ
조카,2,ㅈㅋ
존재,2,ㅈㅈ
졸다,2,ㅈㄷ
졸업,2,ㅈㅇ
졸음,2,ㅈㅇ
좁다,2,ㅈㄷ
종교,2,ㅈㄱ
종로,2,ㅈㄹ
종류,2,ㅈㄹ
종이,2,ㅈㅇ
종일,2,ㅈㅇ
종종,2,ㅈㅈ
종합,2,ㅈㅎ
좋다,2,ㅈㄷ
좋아,2,ㅈㅇ
좌석,2,ㅈㅅ
좌우,2,ㅈㅇ
죄인,2,ㅈㅇ
주거,2,ㅈㄱ
주년,2,ㅈㄴ
주다,2,ㅈㄷ
주로,2,ㅈㄹ
주름,2,ㅈㄹ
주말,2,ㅈㅁ
주먹,2,ㅈㅁ
주문,2,ㅈㅁ
주민,2,ㅈㅁ
주방,2,ㅈㅂ
주변,2,ㅈㅂ
주부,2,ㅈㅂ
주사,2,ㅈㅅ
주소,2,ㅈㅅ
주스,2,ㅈㅅ
주식,2,ㅈㅅ
주요,2,ㅈㅇ
주위,2,ㅈㅇ
주의,2,ㅈㅇ
주인,2,ㅈㅇ
주일,2,ㅈㅇ
주장,2,ㅈㅈ
주제,2,ㅈㅈ
주차,2,ㅈㅊ
주택,2,ㅈㅌ
주한,2,ㅈㅎ
죽다,2,ㅈㄷ
죽음,2,ㅈㅇ
준비,2,ㅈㅂ
줄곧,2,ㅈㄱ
줄기,2,ㅈㄱ
줄다,2,ㅈㄷ
줍다,2,ㅈㄷ
중간,2,ㅈㄱ
중국,2,ㅈㄱ
중년,2,ㅈㄴ
중단,2,ㅈㄷ
중독,2,ㅈㄷ
중반,2,ㅈㅂ
중부,2,ㅈㅂ
중세,2,ㅈㅅ
중순,2,ㅈㅅ
중식,2,ㅈㅅ
중심,2,ㅈㅅ
중앙,2,ㅈㅇ
중요,2,ㅈㅇ
쥐다,2,ㅈㄷ
즉석,2,ㅈㅅ
즉시,2,ㅈㅅ
증가,2,ㅈㄱ
증거,2,ㅈㄱ
증권,2,ㅈㄱ
증상,2,ㅈㅅ
증세,2,ㅈㅅ
지각,2,ㅈㄱ
지갑,2,ㅈㄱ
지경,2,ㅈㄱ
지구,2,ㅈㄱ
지금,2,ㅈㄱ
지급,2,ㅈㄱ
지능,2,ㅈㄴ
지다,2,ㅈㄷ
지대,2,ㅈㄷ
지도,2,ㅈㄷ
지방,2,ㅈㅂ
지붕,2,ㅈㅂ
지시,2,ㅈㅅ
지식,2,ㅈㅅ
지역,2,ㅈㅇ
지원,2,ㅈㅇ
지위,2,ㅈㅇ
지적,2,ㅈㅈ
지점,2,ㅈㅈ
지지,2,ㅈㅈ
지진,2,ㅈㅈ
지출,2,ㅈㅊ
지폐,2,ㅈㅍ
지하,2,ㅈㅎ
지혜,2,ㅈㅎ
직선,2,ㅈㅅ
직업,2,ㅈㅇ
직원,2,ㅈㅇ
직장,2,ㅈㅈ
직전,2,ㅈㅈ
직접,2,ㅈㅈ
직후,2,ㅈㅎ
진급,2,ㅈㄱ
진단,2,ㅈㄷ
진동,2,ㅈㄷ
진로,2,ㅈㄹ
진료,2,ㅈㄹ
진리,2,ㅈㄹ
진실,2,ㅈㅅ
진심,2,ㅈㅅ
진짜,2,ㅈㅉ
진찰,2,ㅈㅊ
진출,2,ㅈㅊ
진통,2,ㅈㅌ
진행,2,ㅈㅎ
질문,2,ㅈㅁ
질병,2,ㅈㅂ
질서,2,ㅈㅅ
질적,2,ㅈㅈ
짐작,2,ㅈㅈ
집다,2,ㅈㄷ
집단,2,ㅈㄷ
집안,2,ㅈㅇ
집중,2,ㅈㅈ
짓다,2,ㅈㄷ
짙다,2,ㅈㄷ
짚다,2,ㅈㄷ
짜다,2,ㅉㄷ
짜증,2,ㅉㅈ
짧다,2,ㅉㄷ
쫓다,2,ㅉㄷ
찌개,2,ㅉㄱ
찌다,2,ㅉㄷ
찍다,2,ㅉㄷ
찢다,2,ㅉㄷ
차남,2,ㅊㄴ
차다,2,ㅊㄷ
차량,2,ㅊㄹ
차례,2,ㅊㄹ
차림,2,ㅊㄹ
차마,2,ㅊㅁ
차별,2,ㅊㅂ
차선,2,ㅊㅅ
차이,2,ㅊㅇ
차차,2,ㅊㅊ
차창,2,ㅊㅊ
차츰,2,ㅊㅊ
착각,2,ㅊㄱ
찬물,2,ㅊㅁ
찬성,2,ㅊㅅ
참가,2,ㅊㄱ
참다,2,ㅊㄷ
참새,2,ㅊㅅ
참석,2,ㅊㅅ
참여,2,ㅊㅇ
참외,2,ㅊㅇ
참조,2,ㅊㅈ
찻잔,2,ㅊㅈ
창가,2,ㅊㄱ
창고,2,ㅊㄱ
창구,2,ㅊㄱ
창문,2,ㅊㅁ
창밖,2,ㅊㅂ
창작,2,ㅊㅈ
창조,2,ㅊㅈ
찾다,2,ㅊㄷ
채널,2,ㅊㄴ
채소,2,ㅊㅅ
채점,2,ㅊㅈ
책방,2,ㅊㅂ
책상,2,ㅊㅅ
책임,2,ㅊㅇ
처녀,2,ㅊㄴ
처리,2,ㅊㄹ
처벌,2,ㅊㅂ
처음,2,ㅊㅇ
처지,2,ㅊㅈ
천국,2,ㅊㄱ
천둥,2,ㅊㄷ
천장,2,ㅊㅈ
천재,2,ㅊㅈ
철도,2,ㅊㄷ
철학,2,ㅊㅎ
첫날,2,ㅊㄴ
첫째,2,ㅊㅉ
청년,2,ㅊㄴ
청소,2,ㅊㅅ
청춘,2,ㅊㅊ
체력,2,ㅊㄹ
체온,2,ㅊㅇ
체육,2,ㅊㅇ
체조,2,ㅊㅈ
체중,2,ㅊㅈ
체험,2,ㅊㅎ
초기,2,ㅊㄱ
초대,2,ㅊㄷ
초반,2,ㅊㅂ
초밥,2,ㅊㅂ
초보,2,ㅊㅂ
초순,2,ㅊㅅ
초원,2,ㅊㅇ
초점,2,ㅊㅈ
초청,2,ㅊㅊ
촛불,2,ㅊㅂ
총각,2,ㅊㄱ
총리,2,ㅊㄹ
총장,2,ㅊㅈ
촬영,2,ㅊㅇ
최고,2,ㅊㄱ
최근,2,ㅊㄱ
최대,2,ㅊㄷ
최상,2,ㅊㅅ
최선,2,ㅊㅅ
최소,2,ㅊㅅ
최신,2,ㅊㅅ
최악,2,ㅊㅇ
최저,2,ㅊㅈ
최종,2,ㅊㅈ
최초,2,ㅊㅊ
최후,2,ㅊㅎ
추가,2,ㅊㄱ
추다,2,ㅊㄷ
추석,2,ㅊㅅ
추억,2,ㅊㅇ
추위,2,ㅊㅇ
추진,2,ㅊㅈ
추천,2,ㅊㅊ
추측,2,ㅊㅊ
축구,2,ㅊㄱ
축소,2,ㅊㅅ
축제,2,ㅊㅈ
축하,2,ㅊㅎ
출구,2,ㅊㄱ
출국,2,ㅊㄱ
출근,2,ㅊㄱ
출발,2,ㅊㅂ
출산,2,ㅊㅅ
출신,2,ㅊㅅ
출연,2,ㅊㅇ
출입,2,ㅊㅇ
출장,2,ㅊㅈ
출판,2,ㅊㅍ
춥다,2,ㅊㄷ
충격,2,ㅊㄱ
충고,2,ㅊㄱ
충돌,2,ㅊㄷ
취미,2,ㅊㅁ
취소,2,ㅊㅅ
취업,2,ㅊㅇ
취재,2,ㅊㅈ
취직,2,ㅊㅈ
취향,2,ㅊㅎ
치과,2,ㅊㄱ
치다,2,ㅊㄷ
치료,2,ㅊㄹ
치마,2,ㅊㅁ
치아,2,ㅊㅇ
치약,2,ㅊㅇ
치즈,2,ㅊㅈ
친구,2,ㅊㄱ
친절,2,ㅊㅈ
친정,2,ㅊㅈ
친척,2,ㅊㅊ
칠십,2,ㅊㅅ
칠월,2,ㅊㅇ
칠판,2,ㅊㅍ
침대,2,ㅊㄷ
침묵,2,ㅊㅁ
침실,2,ㅊㅅ
칫솔,2,ㅊㅅ
칭찬,2,ㅊㅊ
카드,2,ㅋㄷ
카레,2,ㅋㄹ
카페,2,ㅋㅍ
커튼,2,ㅋㅌ
커피,2,ㅋㅍ
컬러,2,ㅋㄹ
케첩,2,ㅋㅊ
켜다,2,ㅋㄷ
코끝,2,ㅋㄲ
코너,2,ㅋㄴ
코드,2,ㅋㄷ
코스,2,ㅋㅅ
코치,2,ㅋㅊ
코트,2,ㅋㅌ
코피,2,ㅋㅍ
콜라,2,ㅋㄹ
쾌감,2,ㅋㄱ
크기,2,ㅋㄱ
크다,2,ㅋㄷ
크림,2,ㅋㄹ
큰길,2,ㅋㄱ
큰딸,2,ㅋㄸ
큰일,2,ㅋㅇ
큰절,2,ㅋㅈ
클럽,2,ㅋㄹ
키스,2,ㅋㅅ
킬로,2,ㅋㄹ
타다,2,ㅌㄷ
타락,2,ㅌㄹ
타입,2,ㅌㅇ
탁구,2,ㅌㄱ
탁자,2,ㅌㅈ
탄생,2,ㅌㅅ
태도,2,ㅌㄷ
태아,2,ㅌㅇ
태양,2,ㅌㅇ
태풍,2,ㅌㅍ
택시,2,ㅌㅅ
터널,2,ㅌㄴ
털다,2,ㅌㄷ
테러,2,ㅌㄹ
토끼,2,ㅌㄲ
토대,2,ㅌㄷ
토론,2,ㅌㄹ
통계,2,ㅌㄱ
통과,2,ㅌㄱ
통로,2,ㅌㄹ
통신,2,ㅌㅅ
통역,2,ㅌㅇ
통일,2,ㅌㅇ
통장,2,ㅌㅈ
통제,2,ㅌㅈ
통증,2,ㅌㅈ
통합,2,ㅌㅎ
통화,2,ㅌㅎ
퇴근,2,ㅌㄱ
퇴원,2,ㅌㅇ
투자,2,ㅌㅈ
투표,2,ㅌㅍ
튀김,2,ㅌㄱ
튀다,2,ㅌㄷ
트럭,2,ㅌㄹ
특급,2,ㅌㄱ
특별,2,ㅌㅂ
특성,2,ㅌㅅ
특수,2,ㅌㅅ
특징,2,ㅌㅈ
특히,2,ㅌㅎ
틀다,2,ㅌㄷ
파다,2,ㅍㄷ
파도,2,ㅍㄷ
파리,2,ㅍㄹ
파일,2,ㅍㅇ
파티,2,ㅍㅌ
판결,2,ㅍㄱ
판단,2,ㅍㄷ
판매,2,ㅍㅁ
판사,2,ㅍㅅ
팔다,2,ㅍㄷ
팔십,2,ㅍㅅ
팔월,2,ㅍㅇ
팝송,2,ㅍㅅ
패션,2,ㅍㅅ
팩스,2,ㅍㅅ
팬티,2,ㅍㅌ
펴다,2,ㅍㄷ
편견,2,ㅍㄱ
편의,2,ㅍㅇ
편지,2,ㅍㅈ
편히,2,ㅍㅎ
평가,2,ㅍㄱ
평균,2,ㅍㄱ
평생,2,ㅍㅅ
평소,2,ㅍㅅ
평양,2,ㅍㅇ
평일,2,ㅍㅇ
평화,2,ㅍㅎ
폐지,2,ㅍㅈ
포도,2,ㅍㄷ
포장,2,ㅍㅈ
포크,2,ㅍㅋ
포함,2,ㅍㅎ
폭력,2,ㅍㄹ
표면,2,ㅍㅁ
표시,2,ㅍㅅ
표정,2,ㅍㅈ
표준,2,ㅍㅈ
표현,2,ㅍㅎ
푸다,2,ㅍㄷ
풀다,2,ㅍㄷ
품다,2,ㅍㄷ
품목,2,ㅍㅁ
품질,2,ㅍㅈ
풍경,2,ㅍㄱ
풍속,2,ㅍㅅ
풍습,2,ㅍㅅ
프로,2,ㅍㄹ
피곤,2,ㅍㄱ
피다,2,ㅍㄷ
피디,2,ㅍㄷ
피로,2,ㅍㄹ
피망,2,ㅍㅁ
피부,2,ㅍㅂ
피시,2,ㅍㅅ
피자,2,ㅍㅈ
피해,2,ㅍㅎ
필름,2,ㅍㄹ
필수,2,ㅍㅅ
필요,2,ㅍㅇ
필자,2,ㅍㅈ
필통,2,ㅍㅌ
핑계,2,ㅍㄱ
하긴,2,ㅎㄱ
하나,2,ㅎㄴ
하늘,2,ㅎㄴ
하다,2,ㅎㄷ
하도,2,ㅎㄷ
하루,2,ㅎㄹ
하순,2,ㅎㅅ
하천,2,ㅎㅊ
하품,2,ㅎㅍ
하필,2,ㅎㅍ
하하,2,ㅎㅎ
학과,2,ㅎㄱ
학교,2,ㅎㄱ
학급,2,ㅎㄱ
학기,2,ㅎㄱ
학년,2,ㅎㄴ
학력,2,ㅎㄹ
학번,2,ㅎㅂ
학비,2,ㅎㅂ
학생,2,ㅎㅅ
학술,2,ㅎㅅ
학습,2,ㅎㅅ
학원,2,ㅎㅇ
학위,2,ㅎㅇ
학자,2,ㅎㅈ
학점,2,ㅎㅈ
한강,2,ㅎㄱ
한결,2,ㅎㄱ
한계,2,ㅎㄱ
한국,2,ㅎㄱ
한글,2,ㅎㄱ
한낮,2,ㅎㄴ
한눈,2,ㅎㄴ
한데,2,ㅎㄷ
한두,2,ㅎㄷ
한둘,2,ㅎㄷ
한때,2,ㅎㄸ
한문,2,ㅎㅁ
한번,2,ㅎㅂ
한복,2,ㅎㅂ
한숨,2,ㅎㅅ
한식,2,ㅎㅅ
한자,2,ㅎㅈ
한잔,2,ㅎㅈ
한쪽,2,ㅎㅉ
한참,2,ㅎㅊ
한창,2,ㅎㅊ
한층,2,ㅎㅊ
한편,2,ㅎㅍ
할인,2,ㅎㅇ
함께,2,ㅎㄲ
합격,2,ㅎㄱ
항공,2,ㅎㄱ
항구,2,ㅎㄱ
항상,2,ㅎㅅ
항의,2,ㅎㅇ
해결,2,ㅎㄱ
해군,2,ㅎㄱ
해답,2,ㅎㄷ
해당,2,ㅎㄷ
해물,2,ㅎㅁ
해석,2,ㅎㅅ
해설,2,ㅎㅅ
해소,2,ㅎㅅ
해안,2,ㅎㅇ
해외,2,ㅎㅇ
핵심,2,ㅎㅅ
햇볕,2,ㅎㅂ
햇빛,2,ㅎㅂ
햇살,2,ㅎㅅ
행동,2,ㅎㄷ
행복,2,ㅎㅂ
행사,2,ㅎㅅ
행운,2,ㅎㅇ
행위,2,ㅎㅇ
향기,2,ㅎㄱ
향상,2,ㅎㅅ
향수,2,ㅎㅅ
허가,2,ㅎㄱ
허락,2,ㅎㄹ
허리,2,ㅎㄹ
허용,2,ㅎㅇ
허허,2,ㅎㅎ
헬기,2,ㅎㄱ
현관,2,ㅎㄱ
현금,2,ㅎㄱ
현대,2,ㅎㄷ
현상,2,ㅎㅅ
현실,2,ㅎㅅ
현장,2,ㅎㅈ
현재,2,ㅎㅈ
현지,2,ㅎㅈ
혈액,2,ㅎㅇ
협력,2,ㅎㄹ
형님,2,ㅎㄴ
형부,2,ㅎㅂ
형사,2,ㅎㅅ
형성,2,ㅎㅅ
형수,2,ㅎㅅ
형식,2,ㅎㅅ
형제,2,ㅎㅈ
형태,2,ㅎㅌ
형편,2,ㅎㅍ
혜택,2,ㅎㅌ
호남,2,ㅎㄴ
호박,2,ㅎㅂ
호선,2,ㅎㅅ
호수,2,ㅎㅅ
호실,2,ㅎㅅ
호주,2,ㅎㅈ
호텔,2,ㅎㅌ
호흡,2,ㅎㅎ
혹시,2,ㅎㅅ
혹은,2,ㅎㅇ
혼자,2,ㅎㅈ
홀로,2,ㅎㄹ
홍보,2,ㅎㅂ
홍수,2,ㅎㅅ
홍차,2,ㅎㅊ
화가,2,ㅎㄱ
화면,2,ㅎㅁ
화분,2,ㅎㅂ
화살,2,ㅎㅅ
화장,2,ㅎㅈ
화재,2,ㅎㅈ
화제,2,ㅎㅈ
화학,2,ㅎㅎ
확보,2,ㅎㅂ
확신,2,ㅎㅅ
확인,2,ㅎㅇ
확장,2,ㅎㅈ
확정,2,ㅎㅈ
환갑,2,ㅎㄱ
환경,2,ㅎㄱ
환영,2,ㅎㅇ
환율,2,ㅎㅇ
환자,2,ㅎㅈ
활기,2,ㅎㄱ
활동,2,ㅎㄷ
활용,2,ㅎㅇ
활짝,2,ㅎㅉ
회견,2,ㅎㄱ
회관,2,ㅎㄱ
회복,2,ㅎㅂ
회사,2,ㅎㅅ
회색,2,ㅎㅅ
회원,2,ㅎㅇ
회의,2,ㅎㅇ
회장,2,ㅎㅈ
회전,2,ㅎㅈ
회화,2,ㅎㅎ
횟수,2,ㅎㅅ
효과,2,ㅎㄱ
효도,2,ㅎㄷ
효자,2,ㅎㅈ
후기,2,ㅎㄱ
후반,2,ㅎㅂ
후배,2,ㅎㅂ
후보,2,ㅎㅂ
후회,2,ㅎㅎ
훈련,2,ㅎㄹ
훨씬,2,ㅎㅆ
휴가,2,ㅎㄱ
휴식,2,ㅎㅅ
휴일,2,ㅎㅇ
휴지,2,ㅎㅈ
흉내,2,ㅎㄴ
흐름,2,ㅎㄹ
흑백,2,ㅎㅂ
흑인,2,ㅎㅇ
흔적,2,ㅎㅈ
흔히,2,ㅎㅎ
흥미,2,ㅎㅁ
흥분,2,ㅎㅂ
희곡,2,ㅎㄱ
희다,2,ㅎㄷ
희망,2,ㅎㅁ
희생,2,ㅎㅅ
흰색,2,ㅎㅅ
힘껏,2,ㅎㄲ
가까이,3,ㄱㄲㅇ
가깝다,3,ㄱㄲㄷ
가꾸다,3,ㄱㄲㄷ
가늘다,3,ㄱㄴㄷ
가능성,3,ㄱㄴㅅ
가득히,3,ㄱㄷㅎ
가로등,3,ㄱㄹㄷ
가로수,3,ㄱㄹㅅ
가르다,3,ㄱㄹㄷ
가르침,3,ㄱㄹㅊ
가리다,3,ㄱㄹㄷ
가만히,3,ㄱㅁㅎ
가볍다,3,ㄱㅂㄷ
가슴속,3,ㄱㅅㅅ
가운데,3,ㄱㅇㄷ
가이드,3,ㄱㅇㄷ
가입자,3,ㄱㅇㅈ
가지다,3,ㄱㅈㄷ
가치관,3,ㄱㅊㄱ
가톨릭,3,ㄱㅌㄹ
가하다,3,ㄱㅎㄷ
간단히,3,ㄱㄷㅎ
간신히,3,ㄱㅅㅎ
간접적,3,ㄱㅈㅈ
간호사,3,ㄱㅎㅅ
갇히다,3,ㄱㅎㄷ
갈비탕,3,ㄱㅂㅌ
갈수록,3,ㄱㅅㄹ
감동적,3,ㄱㄷㅈ
감수성,3,ㄱㅅㅅ
감싸다,3,ㄱㅆㄷ
감정적,3,ㄱㅈㅈ
감추다,3,ㄱㅊㄷ
갑자기,3,ㄱㅈㄱ
값싸다,3,ㄱㅆㄷ
강력히,3,ㄱㄹㅎ
강수량,3,ㄱㅅㄹ
강아지,3,ㄱㅇㅈ
강원도,3,ㄱㅇㄷ
강하다,3,ㄱㅎㄷ
갖가지,3,ㄱㄱㅈ
갖추다,3,ㄱㅊㄷ
개개인,3,ㄱㄱㅇ
개구리,3,ㄱㄱㄹ
개나리,3,ㄱㄴㄹ
개인적,3,ㄱㅇㅈ
객관적,3,ㄱㄱㅈ
거꾸로,3,ㄱㄲㄹ
거두다,3,ㄱㄷㄷ
거들다,3,ㄱㄷㄷ
거짓말,3,ㄱㅈㅁ
거치다,3,ㄱㅊㄷ
거칠다,3,ㄱㅊㄷ
건너다,3,ㄱㄴㄷ
건너편,3,ㄱㄴㅍ
건넌방,3,ㄱㄴㅂ
건네다,3,ㄱㄴㄷ
건지다,3,ㄱㅈㄷ
걸리다,3,ㄱㄹㄷ
걸치다,3,ㄱㅊㄷ
검은색,3,ㄱㅇㅅ
검정색,3,ㄱㅈㅅ
겁나다,3,ㄱㄴㄷ
게다가,3,ㄱㄷㄱ
게시판,3,ㄱㅅㅍ
겨울철,3,ㄱㅇㅊ
견디다,3,ㄱㄷㄷ
결과적,3,ㄱㄱㅈ
결혼식,3,ㄱㅎㅅ
경기도,3,ㄱㄱㄷ
경기장,3,ㄱㄱㅈ
경복궁,3,ㄱㅂㄱ
경상도,3,ㄱㅅㄷ
경쟁력,3,ㄱㅈㄹ
경제력,3,ㄱㅈㄹ
경제적,3,ㄱㅈㅈ
경제학,3,ㄱㅈㅎ
경찰관,3,ㄱㅊㄱ
경찰서,3,ㄱㅊㅅ
계산기,3,ㄱㅅㄱ
계시다,3,ㄱㅅㄷ
고구려,3,ㄱㄱㄹ
고구마,3,ㄱㄱㅁ
고르다,3,ㄱㄹㄷ
고맙다,3,ㄱㅁㄷ
고모부,3,ㄱㅁㅂ
고무신,3,ㄱㅁㅅ
고양이,3,ㄱㅇㅇ
고추장,3,ㄱㅊㅈ
고치다,3,ㄱㅊㄷ
고프다,3,ㄱㅍㄷ
곧바로,3,ㄱㅂㄹ
곧이어,3,ㄱㅇㅇ
골고루,3,ㄱㄱㄹ
골목길,3,ㄱㅁㄱ
골짜기,3,ㄱㅉㄱ
골프장,3,ㄱㅍㅈ
공무원,3,ㄱㅁㅇ
공식적,3,ㄱㅅㅈ
공연장,3,ㄱㅇㅈ
공연히,3,ㄱㅇㅎ
공통적,3,ㄱㅌㅈ
공통점,3,ㄱㅌㅈ
공휴일,3,ㄱㅎㅇ
과학자,3,ㄱㅎㅈ
과학적,3,ㄱㅎㅈ
관계자,3,ㄱㄱㅈ
관광객,3,ㄱㄱㄱ
관광지,3,ㄱㄱㅈ
관람객,3,ㄱㄹㄱ
관심사,3,ㄱㅅㅅ
관하다,3,ㄱㅎㄷ
괜찮다,3,ㄱㅊㄷ
괴로움,3,ㄱㄹㅇ
괴롭다,3,ㄱㄹㄷ
굉장히,3,ㄱㅈㅎ
교과서,3,ㄱㄱㅅ
교육비,3,ㄱㅇㅂ
교육자,3,ㄱㅇㅈ
구르다,3,ㄱㄹㄷ
구체적,3,ㄱㅊㅈ
구하다,3,ㄱㅎㄷ
국가적,3,ㄱㄱㅈ
국내선,3,ㄱㄴㅅ
국내외,3,ㄱㄴㅇ
국민적,3,ㄱㅁㅈ
국제선,3,ㄱㅈㅅ
국제적,3,ㄱㅈㅈ
국제화,3,ㄱㅈㅎ
굳히다,3,ㄱㅎㄷ
굽히다,3,ㄱㅎㄷ
궁극적,3,ㄱㄱㅈ
권하다,3,ㄱㅎㄷ
귀엽다,3,ㄱㅇㄷ
귀찮다,3,ㄱㅊㄷ
귀하다,3,ㄱㅎㄷ
규칙적,3,ㄱㅊㅈ
그나마,3,ㄱㄴㅁ
그다음,3,ㄱㄷㅇ
그다지,3,ㄱㄷㅈ
그대로,3,ㄱㄷㄹ
그동안,3,ㄱㄷㅇ
그래도,3,ㄱㄹㄷ
그래서,3,ㄱㄹㅅ
그래야,3,ㄱㄹㅇ
그래픽,3,ㄱㄹㅍ
그러나,3,ㄱㄹㄴ
그러다,3,ㄱㄹㄷ
그러면,3,ㄱㄹㅁ
그런데,3,ㄱㄹㄷ
그렇게,3,ㄱㄹㄱ
그렇다,3,ㄱㄹㄷ
그렇지,3,ㄱㄹㅈ
그리고,3,ㄱㄹㄱ
그리다,3,ㄱㄹㄷ
그리로,3,ㄱㄹㄹ
그리움,3,ㄱㄹㅇ
그림자,3,ㄱㄹㅈ
그립다,3,ㄱㄹㄷ
그만큼,3,ㄱㅁㅋ
그사이,3,ㄱㅅㅇ
그저께,3,ㄱㅈㄲ
그제야,3,ㄱㅈㅇ
그치다,3,ㄱㅊㄷ
그토록,3,ㄱㅌㄹ
극작가,3,ㄱㅈㄱ
근로자,3,ㄱㄹㅈ
근본적,3,ㄱㅂㅈ
글쎄요,3,ㄱㅆㅇ
글쓰기,3,ㄱㅆㄱ
금강산,3,ㄱㄱㅅ
금메달,3,ㄱㅁㄷ
금요일,3,ㄱㅇㅇ
금하다,3,ㄱㅎㄷ
급격히,3,ㄱㄱㅎ
급속히,3,ㄱㅅㅎ
급하다,3,ㄱㅎㄷ
긍정적,3,ㄱㅈㅈ
기념일,3,ㄱㄴㅇ
기념품,3,ㄱㄴㅍ
기대다,3,ㄱㄷㄷ
기독교,3,ㄱㄷㄱ
기르다,3,ㄱㄹㄷ
기본적,3,ㄱㅂㅈ
기쁘다,3,ㄱㅃㄷ
기숙사,3,ㄱㅅㅅ
기술자,3,ㄱㅅㅈ
기업인,3,ㄱㅇㅇ
기울다,3,ㄱㅇㄷ
기원전,3,ㄱㅇㅈ
기초적,3,ㄱㅊㅈ
긴장감,3,ㄱㅈㄱ
길거리,3,ㄱㄱㄹ
깊숙이,3,ㄱㅅㅇ
까만색,3,ㄲㅁㅅ
까맣다,3,ㄲㅁㄷ
까먹다,3,ㄲㅁㄷ
깍두기,3,ㄲㄷㄱ
깔리다,3,ㄲㄹㄷ
깨끗이,3,ㄲㄲㅇ
깨닫다,3,ㄲㄷㄷ
깨달음,3,ㄲㄷㅇ
깨소금,3,ㄲㅅㄱ
깨우다,3,ㄲㅇㄷ
깨지다,3,ㄲㅈㄷ
꺼내다,3,ㄲㄴㄷ
꺼지다,3,ㄲㅈㄷ
꼭대기,3,ㄲㄷㄱ
꼽히다,3,ㄲㅎㄷ
꾸리다,3,ㄲㄹㄷ
꾸미다,3,ㄲㅁㄷ
꾸준히,3,ㄲㅈㅎ
꿈꾸다,3,ㄲㄲㄷ
끊기다,3,ㄲㄱㄷ
끌리다,3,ㄲㄹㄷ
끓이다,3,ㄲㅇㄷ
끝나다,3,ㄲㄴㄷ
끝내다,3,ㄲㄴㄷ
끝없다,3,ㄲㅇㄷ
끝없이,3,ㄲㅇㅇ
끼우다,3,ㄲㅇㄷ
나가다,3,ㄴㄱㄷ
나누다,3,ㄴㄴㄷ
나뉘다,3,ㄴㄴㄷ
나들이,3,ㄴㄷㅇ
나란히,3,ㄴㄹㅎ
나르다,3,ㄴㄹㄷ
나머지,3,ㄴㅁㅈ
나뭇잎,3,ㄴㅁㅇ
나쁘다,3,ㄴㅃㄷ
나서다,3,ㄴㅅㄷ
나오다,3,ㄴㅇㄷ
나침반,3,ㄴㅊㅂ
낚시꾼,3,ㄴㅅㄲ
낚싯대,3,ㄴㅅㄷ
날리다,3,ㄴㄹㄷ
남기다,3,ㄴㄱㄷ
남대문,3,ㄴㄷㅁ
남동생,3,ㄴㄷㅅ
남학생,3,ㄴㅎㅅ
낮추다,3,ㄴㅊㄷ
낯설다,3,ㄴㅅㄷ
내놓다,3,ㄴㄴㄷ
내리다,3,ㄴㄹㄷ
내밀다,3,ㄴㅁㄷ
내쉬다,3,ㄴㅅㄷ
내용물,3,ㄴㅇㅁ
내주다,3,ㄴㅈㄷ
내후년,3,ㄴㅎㄴ
냉장고,3,ㄴㅈㄱ
너무나,3,ㄴㅁㄴ
넓히다,3,ㄴㅎㄷ
넘기다,3,ㄴㄱㄷ
넘치다,3,ㄴㅊㄷ
네거리,3,ㄴㄱㄹ
넥타이,3,ㄴㅌㅇ
노동자,3,ㄴㄷㅈ
노란색,3,ㄴㄹㅅ
노랗다,3,ㄴㄹㄷ
노래방,3,ㄴㄹㅂ
녹이다,3,ㄴㅇㄷ
논리적,3,ㄴㄹㅈ
논하다,3,ㄴㅎㄷ
놀라다,3,ㄴㄹㄷ
놀랍다,3,ㄴㄹㄷ
놀리다,3,ㄴㄹㄷ
놀이터,3,ㄴㅇㅌ
농사일,3,ㄴㅅㅇ
농산물,3,ㄴㅅㅁ
높이다,3,ㄴㅇㄷ
놓이다,3,ㄴㅇㄷ
놓치다,3,ㄴㅊㄷ
놔두다,3,ㄴㄷㄷ
누르다,3,ㄴㄹㄷ
눈감다,3,ㄴㄱㄷ
눈동자,3,ㄴㄷㅈ
눈뜨다,3,ㄴㄸㄷ
느끼다,3,ㄴㄲㄷ
느리다,3,ㄴㄹㄷ
늘리다,3,ㄴㄹㄷ
능동적,3,ㄴㄷㅈ
늦가을,3,ㄴㄱㅇ
다니다,3,ㄷㄴㄷ
다듬다,3,ㄷㄷㄷ
다루다,3,ㄷㄹㄷ
다르다,3,ㄷㄹㄷ
다섯째,3,ㄷㅅㅉ
다양성,3,ㄷㅇㅅ
다지다,3,ㄷㅈㄷ
다치다,3,ㄷㅊㄷ
다투다,3,ㄷㅌㄷ
다하다,3,ㄷㅎㄷ
다행히,3,ㄷㅎㅎ
닥치다,3,ㄷㅊㄷ
단순히,3,ㄷㅅㅎ
닫히다,3,ㄷㅎㄷ
달래다,3,ㄷㄹㄷ
달리기,3,ㄷㄹㄱ
달리다,3,ㄷㄹㄷ
닭고기,3,ㄷㄱㄱ
담그다,3,ㄷㄱㄷ
담기다,3,ㄷㄱㄷ
담당자,3,ㄷㄷㅈ
답하다,3,ㄷㅎㄷ
당기다,3,ㄷㄱㄷ
당분간,3,ㄷㅂㄱ
당연히,3,ㄷㅇㅎ
당하다,3,ㄷㅎㄷ
대규모,3,ㄷㄱㅁ
대기업,3,ㄷㄱㅇ
대다수,3,ㄷㄷㅅ
대단히,3,ㄷㄷㅎ
대도시,3,ㄷㄷㅅ
대부분,3,ㄷㅂㅂ
대사관,3,ㄷㅅㄱ
대상자,3,ㄷㅅㅈ
대여섯,3,ㄷㅇㅅ
대중적,3,ㄷㅈㅈ
대체로,3,ㄷㅊㄹ
대통령,3,ㄷㅌㄹ
대표적,3,ㄷㅍㅈ
대하다,3,ㄷㅎㄷ
대학교,3,ㄷㅎㄱ
대학로,3,ㄷㅎㄹ
대학생,3,ㄷㅎㅅ
대학원,3,ㄷㅎㅇ
대합실,3,ㄷㅎㅅ
더구나,3,ㄷㄱㄴ
더더욱,3,ㄷㄷㅇ
더럽다,3,ㄷㄹㄷ
더불다,3,ㄷㅂㄷ
더욱더,3,ㄷㅇㄷ
더욱이,3,ㄷㅇㅇ
더하다,3,ㄷㅎㄷ
덕수궁,3,ㄷㅅㄱ
던지다,3,ㄷㅈㄷ
덩어리,3,ㄷㅇㄹ
덮이다,3,ㄷㅇㄷ
데리다,3,ㄷㄹㄷ
데우다,3,ㄷㅇㄷ
데이트,3,ㄷㅇㅌ
도대체,3,ㄷㄷㅊ
도리어,3,ㄷㄹㅇ
도서관,3,ㄷㅅㄱ
도시락,3,ㄷㅅㄹ
도움말,3,ㄷㅇㅁ
도자기,3,ㄷㅈㄱ
도저히,3,ㄷㅈㅎ
독일어,3,ㄷㅇㅇ
독창적,3,ㄷㅊㅈ
독하다,3,ㄷㅎㄷ
돌리다,3,ㄷㄹㄷ
돌멩이,3,ㄷㅁㅇ
돌보다,3,ㄷㅂㄷ
동대문,3,ㄷㄷㅁ
동물원,3,ㄷㅁㅇ
동아리,3,ㄷㅇㄹ
동양인,3,ㄷㅇㅇ
동화책,3,ㄷㅎㅊ
되찾다,3,ㄷㅊㄷ
두껍다,3,ㄷㄲㄷ
두려움,3,ㄷㄹㅇ
두렵다,3,ㄷㄹㄷ
두르다,3,ㄷㄹㄷ
둥글다,3,ㄷㄱㄷ
뒤늦다,3,ㄷㄴㄷ
뒤지다,3,ㄷㅈㄷ
뒤집다,3,ㄷㅈㄷ
뒷골목,3,ㄷㄱㅁ
뒷모습,3,ㄷㅁㅅ
드디어,3,ㄷㄷㅇ
드라마,3,ㄷㄹㅁ
드리다,3,ㄷㄹㄷ
드물다,3,ㄷㅁㄷ
들르다,3,ㄷㄹㄷ
들리다,3,ㄷㄹㄷ
들이다,3,ㄷㅇㄷ
듯싶다,3,ㄷㅅㄷ
듯하다,3,ㄷㅎㄷ
등록금,3,ㄷㄹㄱ
등록증,3,ㄷㄹㅈ
등산로,3,ㄷㅅㄹ
디스크,3,ㄷㅅㅋ
디자인,3,ㄷㅈㅇ
따라서,3,ㄸㄹㅅ
따르다,3,ㄸㄹㄷ
딸아이,3,ㄸㅇㅇ
땅바닥,3,ㄸㅂㄷ
때때로,3,ㄸㄸㄹ
때리다,3,ㄸㄹㄷ
떠나다,3,ㄸㄴㄷ
떠들다,3,ㄸㄷㄷ
떡볶이,3,ㄸㅂㅇ
떨리다,3,ㄸㄹㄷ
또다시,3,ㄸㄷㅅ
똑같다,3,ㄸㄱㄷ
똑같이,3,ㄸㄱㅇ
똑바로,3,ㄸㅂㄹ
뛰놀다,3,ㄸㄴㄷ
뜨겁다,3,ㄸㄱㄷ
뜻대로,3,ㄸㄷㄹ
뜻밖에,3,ㄸㅂㅇ
뜻하다,3,ㄸㅎㄷ
띄우다,3,ㄸㅇㄷ
라디오,3,ㄹㄷㅇ
라운드,3,ㄹㅇㄷ
라이벌,3,ㄹㅇㅂ
라이터,3,ㄹㅇㅌ
러시아,3,ㄹㅅㅇ
레이저,3,ㄹㅇㅈ
로터리,3,ㄹㅌㄹ
마누라,3,ㅁㄴㄹ
마라톤,3,ㅁㄹㅌ
마르다,3,ㅁㄹㄷ
마무리,3,ㅁㅁㄹ
마사지,3,ㅁㅅㅈ
마시다,3,ㅁㅅㄷ
마음껏,3,ㅁㅇㄲ
마음속,3,ㅁㅇㅅ
마음씨,3,ㅁㅇㅆ
마이크,3,ㅁㅇㅋ
마지막,3,ㅁㅈㅁ
마치다,3,ㅁㅊㄷ
마침내,3,ㅁㅊㄴ
막걸리,3,ㅁㄱㄹ
막히다,3,ㅁㅎㄷ
만나다,3,ㅁㄴㄷ
만들다,3,ㅁㄷㄷ
만지다,3,ㅁㅈㄷ
만하다,3,ㅁㅎㄷ
만화가,3,ㅁㅎㄱ
말리다,3,ㅁㄹㄷ
말없이,3,ㅁㅇㅇ
말하다,3,ㅁㅎㄷ
맘대로,3,ㅁㄷㄹ
맛보다,3,ㅁㅂㄷ
맛없다,3,ㅁㅇㄷ
맛있다,3,ㅁㅇㄷ
망원경,3,ㅁㅇㄱ
망치다,3,ㅁㅊㄷ
망하다,3,ㅁㅎㄷ
맞서다,3,ㅁㅅㄷ
맞은편,3,ㅁㅇㅍ
맞추다,3,ㅁㅊㄷ
맡기다,3,ㅁㄱㄷ
매달다,3,ㅁㄷㄷ
매스컴,3,ㅁㅅㅋ
머리말,3,ㅁㄹㅁ
머리칼,3,ㅁㄹㅋ
머릿속,3,ㅁㄹㅅ
머물다,3,ㅁㅁㄷ
먹이다,3,ㅁㅇㄷ
먹히다,3,ㅁㅎㄷ
멈추다,3,ㅁㅊㄷ
멋있다,3,ㅁㅇㄷ
멋지다,3,ㅁㅈㄷ
메시지,3,ㅁㅅㅈ
메우다,3,ㅁㅇㄷ
며느리,3,ㅁㄴㄹ
면하다,3,ㅁㅎㄷ
명령어,3,ㅁㄹㅇ
모니터,3,ㅁㄴㅌ
모르다,3,ㅁㄹㄷ
모시다,3,ㅁㅅㄷ
모으다,3,ㅁㅇㄷ
모이다,3,ㅁㅇㄷ
모조리,3,ㅁㅈㄹ
모처럼,3,ㅁㅊㄹ
모퉁이,3,ㅁㅌㅇ
목걸이,3,ㅁㄱㅇ
목소리,3,ㅁㅅㄹ
목요일,3,ㅁㅇㅇ
목욕탕,3,ㅁㅇㅌ
몸무게,3,ㅁㅁㄱ
못되다,3,ㅁㄷㄷ
못하다,3,ㅁㅎㄷ
무겁다,3,ㅁㄱㄷ
무관심,3,ㅁㄱㅅ
무궁화,3,ㅁㄱㅎ
무더위,3,ㅁㄷㅇ
무덥다,3,ㅁㄷㄷ
무섭다,3,ㅁㅅㄷ
무용가,3,ㅁㅇㄱ
무조건,3,ㅁㅈㄱ
무지개,3,ㅁㅈㄱ
묶이다,3,ㅁㅇㄷ
문제점,3,ㅁㅈㅈ
문학적,3,ㅁㅎㅈ
문화재,3,ㅁㅎㅈ
문화적,3,ㅁㅎㅈ
묻히다,3,ㅁㅎㄷ
물고기,3,ㅁㄱㄱ
물리학,3,ㅁㄹㅎ
물질적,3,ㅁㅈㅈ
미디어,3,ㅁㄷㅇ
미루다,3,ㅁㄹㄷ
미사일,3,ㅁㅅㅇ
미술관,3,ㅁㅅㄱ
미용실,3,ㅁㅇㅅ
미치다,3,ㅁㅊㄷ
민주화,3,ㅁㅈㅎ
밀가루,3,ㅁㄱㄹ
밀리다,3,ㅁㄹㄷ
밑바닥,3,ㅁㅂㄷ
바가지,3,ㅂㄱㅈ
바구니,3,ㅂㄱㄴ
바깥쪽,3,ㅂㄲㅉ
바꾸다,3,ㅂㄲㄷ
바뀌다,3,ㅂㄲㄷ
바나나,3,ㅂㄴㄴ
바닷가,3,ㅂㄷㄱ
바닷물,3,ㅂㄷㅁ
바라다,3,ㅂㄹㄷ
바르다,3,ㅂㄹㄷ
바쁘다,3,ㅂㅃㄷ
바치다,3,ㅂㅊㄷ
박물관,3,ㅂㅁㄱ
박히다,3,ㅂㅎㄷ
반갑다,3,ㅂㄱㄷ
반기다,3,ㅂㄱㄷ
반대편,3,ㅂㄷㅍ
반드시,3,ㅂㄷㅅ
반하다,3,ㅂㅎㄷ
발가락,3,ㅂㄱㄹ
발걸음,3,ㅂㄱㅇ
발바닥,3,ㅂㅂㄷ
발자국,3,ㅂㅈㄱ
밝히다,3,ㅂㅎㄷ
밤늦다,3,ㅂㄴㄷ
밤새다,3,ㅂㅅㄷ
밤하늘,3,ㅂㅎㄴ
밥그릇,3,ㅂㄱㄹ
방바닥,3,ㅂㅂㄷ
방송국,3,ㅂㅅㄱ
방송사,3,ㅂㅅㅅ
배우다,3,ㅂㅇㄷ
배우자,3,ㅂㅇㅈ
백두산,3,ㅂㄷㅅ
백화점,3,ㅂㅎㅈ
뱃사람,3,ㅂㅅㄹ
버리다,3,ㅂㄹㄷ
버티다,3,ㅂㅌㄷ
벌리다,3,ㅂㄹㄷ
벌이다,3,ㅂㅇㄷ
벗기다,3,ㅂㄱㄷ
변하다,3,ㅂㅎㄷ
변호사,3,ㅂㅎㅅ
병들다,3,ㅂㄷㄷ
병아리,3,ㅂㅇㄹ
보고서,3,ㅂㄱㅅ
보내다,3,ㅂㄴㄷ
보너스,3,ㅂㄴㅅ
보라색,3,ㅂㄹㅅ
보수적,3,ㅂㅅㅈ
보이다,3,ㅂㅇㄷ
보자기,3,ㅂㅈㄱ
보편적,3,ㅂㅍㅈ
복사기,3,ㅂㅅㄱ
복숭아,3,ㅂㅅㅇ
볶음밥,3,ㅂㅇㅂ
본격적,3,ㅂㄱㅈ
부동산,3,ㅂㄷㅅ
부럽다,3,ㅂㄹㄷ
부르다,3,ㅂㄹㄷ
부모님,3,ㅂㅁㄴ
부분적,3,ㅂㅂㅈ
부작용,3,ㅂㅈㅇ
부잣집,3,ㅂㅈㅈ
부정적,3,ㅂㅈㅈ
부치다,3,ㅂㅊㄷ
부회장,3,ㅂㅎㅈ
분명히,3,ㅂㅁㅎ
분위기,3,ㅂㅇㄱ
분홍색,3,ㅂㅎㅅ
불고기,3,ㅂㄱㄱ
불리다,3,ㅂㄹㄷ
불이익,3,ㅂㅇㅇ
붐비다,3,ㅂㅂㄷ
붙들다,3,ㅂㄷㄷ
붙이다,3,ㅂㅇㄷ
붙잡다,3,ㅂㅈㄷ
브랜드,3,ㅂㄹㄷ
비교적,3,ㅂㄱㅈ
비기다,3,ㅂㄱㄷ
비둘기,3,ㅂㄷㄱ
비디오,3,ㅂㄷㅇ
비로소,3,ㅂㄹㅅ
비바람,3,ㅂㅂㄹ
비비다,3,ㅂㅂㄷ
비빔밥,3,ㅂㅂㅂ
비싸다,3,ㅂㅆㄷ
비우다,3,ㅂㅇㄷ
비웃다,3,ㅂㅇㄷ
비추다,3,ㅂㅊㄷ
비치다,3,ㅂㅊㄷ
비키다,3,ㅂㅋㄷ
비타민,3,ㅂㅌㅁ
비판적,3,ㅂㅍㅈ
비하다,3,ㅂㅎㄷ
비행기,3,ㅂㅎㄱ
비행장,3,ㅂㅎㅈ
빌리다,3,ㅂㄹㄷ
빗방울,3,ㅂㅂㅇ
빗줄기,3,ㅂㅈㄱ
빛나다,3,ㅂㄴㄷ
빠르다,3,ㅃㄹㄷ
빠지다,3,ㅃㅈㄷ
빨간색,3,ㅃㄱㅅ
빨갛다,3,ㅃㄱㄷ
빼놓다,3,ㅃㄴㄷ
빼앗다,3,ㅃㅇㄷ
뻔하다,3,ㅃㅎㄷ
뽑히다,3,ㅃㅎㄷ
뿌리다,3,ㅃㄹㄷ
사계절,3,ㅅㄱㅈ
사귀다,3,ㅅㄱㄷ
사나이,3,ㅅㄴㅇ
사모님,3,ㅅㅁㄴ
사무소,3,ㅅㅁㅅ
사무실,3,ㅅㅁㅅ
사무직,3,ㅅㅁㅈ
사생활,3,ㅅㅅㅎ
사실상,3,ㅅㅅㅅ
사업가,3,ㅅㅇㄱ
사업자,3,ㅅㅇㅈ
사용자,3,ㅅㅇㅈ
사진기,3,ㅅㅈㄱ
사춘기,3,ㅅㅊㄱ
사투리,3,ㅅㅌㄹ
사회자,3,ㅅㅎㅈ
사회적,3,ㅅㅎㅈ
사회학,3,ㅅㅎㅎ
살리다,3,ㅅㄹㄷ
살피다,3,ㅅㅍㄷ
삼가다,3,ㅅㄱㄷ
삼계탕,3,ㅅㄱㅌ
삼키다,3,ㅅㅋㄷ
상당수,3,ㅅㄷㅅ
상당히,3,ㅅㄷㅎ
상대방,3,ㅅㄷㅂ
상대성,3,ㅅㄷㅅ
상대적,3,ㅅㄷㅈ
상대편,3,ㅅㄷㅍ
상반기,3,ㅅㅂㄱ
상상력,3,ㅅㅅㄹ
상징적,3,ㅅㅈㅈ
상하다,3,ㅅㅎㄷ
새기다,3,ㅅㄱㄷ
새로이,3,ㅅㄹㅇ
새롭다,3,ㅅㄹㄷ
새소리,3,ㅅㅅㄹ
새우다,3,ㅅㅇㄷ
색연필,3,ㅅㅇㅍ
생기다,3,ㅅㄱㄷ
생방송,3,ㅅㅂㅅ
생산력,3,ㅅㅅㄹ
생산자,3,ㅅㅅㅈ
생활비,3,ㅅㅎㅂ
서비스,3,ㅅㅂㅅ
서서히,3,ㅅㅅㅎ
서양인,3,ㅅㅇㅇ
서울역,3,ㅅㅇㅇ
서툴다,3,ㅅㅌㄷ
섞이다,3,ㅅㅇㄷ
선생님,3,ㅅㅅㄴ
선진국,3,ㅅㅈㄱ
선풍기,3,ㅅㅍㄱ
설거지,3,ㅅㄱㅈ
설렁탕,3,ㅅㄹㅌ
설악산,3,ㅅㅇㅅ
성공적,3,ㅅㄱㅈ
세계관,3,ㅅㄱㄱ
세계적,3,ㅅㄱㅈ
세미나,3,ㅅㅁㄴ
세상에,3,ㅅㅅㅇ
세우다,3,ㅅㅇㄷ
세탁기,3,ㅅㅌㄱ
세탁소,3,ㅅㅌㅅ
소규모,3,ㅅㄱㅁ
소극적,3,ㅅㄱㅈ
소나기,3,ㅅㄴㄱ
소나무,3,ㅅㄴㅁ
소비자,3,ㅅㅂㅈ
소설가,3,ㅅㅅㄱ
소시지,3,ㅅㅅㅈ
소아과,3,ㅅㅇㄱ
소유자,3,ㅅㅇㅈ
소중히,3,ㅅㅈㅎ
소지품,3,ㅅㅈㅍ
소홀히,3,ㅅㅎㅎ
속마음,3,ㅅㅁㅇ
속이다,3,ㅅㅇㄷ
속하다,3,ㅅㅎㄷ
손가락,3,ㅅㄱㄹ
손바닥,3,ㅅㅂㄷ
손수건,3,ㅅㅅㄱ
손쉽다,3,ㅅㅅㄷ
손잡다,3,ㅅㅈㄷ
손잡이,3,ㅅㅈㅇ
솔직히,3,ㅅㅈㅎ
송아지,3,ㅅㅇㅈ
쇠고기,3,ㅅㄱㄱ
수도권,3,ㅅㄷㄱ
수돗물,3,ㅅㄷㅁ
수동적,3,ㅅㄷㅈ
수많다,3,ㅅㅁㄷ
수시로,3,ㅅㅅㄹ
수없이,3,ㅅㅇㅇ
수영장,3,ㅅㅇㅈ
수요일,3,ㅅㅇㅇ
수입품,3,ㅅㅇㅍ
수험생,3,ㅅㅎㅅ
수화기,3,ㅅㅎㄱ
숙이다,3,ㅅㅇㄷ
순간적,3,ㅅㄱㅈ
순식간,3,ㅅㅅㄱ
순하다,3,ㅅㅎㄷ
숟가락,3,ㅅㄱㄹ
술자리,3,ㅅㅈㄹ
숨기다,3,ㅅㄱㄷ
숨지다,3,ㅅㅈㄷ
스스로,3,ㅅㅅㄹ
스웨터,3,ㅅㅇㅌ
스위치,3,ㅅㅇㅊ
스치다,3,ㅅㅊㄷ
스케줄,3,ㅅㅋㅈ
스키장,3,ㅅㅋㅈ
스타일,3,ㅅㅌㅇ
스포츠,3,ㅅㅍㅊ
슬프다,3,ㅅㅍㄷ
승용차,3,ㅅㅇㅊ
시금치,3,ㅅㄱㅊ
시대적,3,ㅅㄷㅈ
시들다,3,ㅅㄷㄷ
시디롬,3,ㅅㄷㄹ
시리즈,3,ㅅㄹㅈ
시멘트,3,ㅅㅁㅌ
시부모,3,ㅅㅂㅁ
시스템,3,ㅅㅅㅌ
시청률,3,ㅅㅊㄹ
시청자,3,ㅅㅊㅈ
시키다,3,ㅅㅋㄷ
식료품,3,ㅅㄹㅍ
식생활,3,ㅅㅅㅎ
식용유,3,ㅅㅇㅇ
식품점,3,ㅅㅍㅈ
식히다,3,ㅅㅎㄷ
신문사,3,ㅅㅁㅅ
신문지,3,ㅅㅁㅈ
신세대,3,ㅅㅅㄷ
신입생,3,ㅅㅇㅅ
신제품,3,ㅅㅈㅍ
신청서,3,ㅅㅊㅅ
신체적,3,ㅅㅊㅈ
신호등,3,ㅅㅎㄷ
실리다,3,ㅅㄹㄷ
실제로,3,ㅅㅈㄹ
실질적,3,ㅅㅈㅈ
심리적,3,ㅅㄹㅈ
심부름,3,ㅅㅂㄹ
심하다,3,ㅅㅎㄷ
십이월,3,ㅅㅇㅇ
십일월,3,ㅅㅇㅇ
싱겁다,3,ㅅㄱㄷ
싸구려,3,ㅆㄱㄹ
싸우다,3,ㅆㅇㄷ
쌍둥이,3,ㅆㄷㅇ
쌓이다,3,ㅆㅇㄷ
쓰레기,3,ㅆㄹㄱ
쓰이다,3,ㅆㅇㄷ
씌우다,3,ㅆㅇㄷ
씻기다,3,ㅆㄱㄷ
아가씨,3,ㅇㄱㅆ
아깝다,3,ㅇㄲㄷ
아끼다,3,ㅇㄲㄷ
아니다,3,ㅇㄴㄷ
아니야,3,ㅇㄴㅇ
아니요,3,ㅇㄴㅇ
아드님,3,ㅇㄷㄴ
아래쪽,3,ㅇㄹㅉ
아래층,3,ㅇㄹㅊ
아마도,3,ㅇㅁㄷ
아무개,3,ㅇㅁㄱ
아무것,3,ㅇㅁㄱ
아무런,3,ㅇㅁㄹ
아무리,3,ㅇㅁㄹ
아무튼,3,ㅇㅁㅌ
아버님,3,ㅇㅂㄴ
아버지,3,ㅇㅂㅈ
아쉬움,3,ㅇㅅㅇ
아쉽다,3,ㅇㅅㄷ
아시아,3,ㅇㅅㅇ
아울러,3,ㅇㅇㄹ
아이고,3,ㅇㅇㄱ
아저씨,3,ㅇㅈㅆ
아줌마,3,ㅇㅈㅁ
아파트,3,ㅇㅍㅌ
아프다,3,ㅇㅍㄷ
안기다,3,ㅇㄱㄷ
안녕히,3,ㅇㄴㅎ
안되다,3,ㅇㄷㄷ
앉히다,3,ㅇㅎㄷ
알리다,3,ㅇㄹㄷ
알맞다,3,ㅇㅁㄷ
알코올,3,ㅇㅋㅇ
앞두다,3,ㅇㄷㄷ
앞바다,3,ㅇㅂㄷ
앞서다,3,ㅇㅅㄷ
애쓰다,3,ㅇㅆㄷ
야구장,3,ㅇㄱㅈ
야하다,3,ㅇㅎㄷ
약하다,3,ㅇㅎㄷ
약혼녀,3,ㅇㅎㄴ
약혼자,3,ㅇㅎㅈ
얄밉다,3,ㅇㅁㄷ
양배추,3,ㅇㅂㅊ
양상추,3,ㅇㅅㅊ
어기다,3,ㅇㄱㄷ
어느덧,3,ㅇㄴㄷ
어느새,3,ㅇㄴㅅ
어둡다,3,ㅇㄷㄷ
어떻다,3,ㅇㄸㄷ
어려움,3,ㅇㄹㅇ
어렵다,3,ㅇㄹㄷ
어리다,3,ㅇㄹㄷ
어린애,3,ㅇㄹㅇ
어린이,3,ㅇㄹㅇ
어머니,3,ㅇㅁㄴ
어머님,3,ㅇㅁㄴ
어저께,3,ㅇㅈㄲ
어젯밤,3,ㅇㅈㅂ
어째서,3,ㅇㅉㅅ
어쨌든,3,ㅇㅉㄷ
어쩌다,3,ㅇㅉㄷ
어쩌면,3,ㅇㅉㅁ
어쩐지,3,ㅇㅉㅈ
어찌나,3,ㅇㅉㄴ
언제나,3,ㅇㅈㄴ
언젠가,3,ㅇㅈㄱ
얼리다,3,ㅇㄹㄷ
얼마간,3,ㅇㅁㄱ
얼마나,3,ㅇㅁㄴ
없애다,3,ㅇㅇㄷ
엉덩이,3,ㅇㄷㅇ
엉터리,3,ㅇㅌㄹ
엊그제,3,ㅇㄱㅈ
에너지,3,ㅇㄴㅈ
에어컨,3,ㅇㅇㅋ
여고생,3,ㅇㄱㅅ
여기다,3,ㅇㄱㄷ
여대생,3,ㅇㄷㅅ
여동생,3,ㅇㄷㅅ
여러분,3,ㅇㄹㅂ
여름철,3,ㅇㄹㅊ
여전히,3,ㅇㅈㅎ
여직원,3,ㅇㅈㅇ
여쭈다,3,ㅇㅉㄷ
여학생,3,ㅇㅎㅅ
여행사,3,ㅇㅎㅅ
역사가,3,ㅇㅅㄱ
역사상,3,ㅇㅅㅅ
역사적,3,ㅇㅅㅈ
역사학,3,ㅇㅅㅎ
연구소,3,ㅇㄱㅅ
연구실,3,ㅇㄱㅅ
연구원,3,ㅇㄱㅇ
연구자,3,ㅇㄱㅈ
연기자,3,ㅇㄱㅈ
연두색,3,ㅇㄷㅅ
연락처,3,ㅇㄹㅊ
연예인,3,ㅇㅇㅇ
연하다,3,ㅇㅎㄷ
열리다,3,ㅇㄹㄷ
열심히,3,ㅇㅅㅎ
엿보다,3,ㅇㅂㄷ
영원히,3,ㅇㅇㅎ
영향력,3,ㅇㅎㄹ
영화관,3,ㅇㅎㄱ
영화제,3,ㅇㅎㅈ
옆구리,3,ㅇㄱㄹ
예쁘다,3,ㅇㅃㄷ
예술가,3,ㅇㅅㄱ
예술적,3,ㅇㅅㅈ
예식장,3,ㅇㅅㅈ
예컨대,3,ㅇㅋㄷ
오가다,3,ㅇㄱㄷ
오늘날,3,ㅇㄴㄴ
오래전,3,ㅇㄹㅈ
오랜만,3,ㅇㄹㅁ
오렌지,3,ㅇㄹㅈ
오로지,3,ㅇㄹㅈ
오르다,3,ㅇㄹㄷ
오른발,3,ㅇㄹㅂ
오른손,3,ㅇㄹㅅ
오른쪽,3,ㅇㄹㅉ
오징어,3,ㅇㅈㅇ
오페라,3,ㅇㅍㄹ
오히려,3,ㅇㅎㄹ
옥수수,3,ㅇㅅㅅ
온라인,3,ㅇㄹㅇ
온종일,3,ㅇㅈㅇ
올가을,3,ㅇㄱㅇ
올리다,3,ㅇㄹㄷ
올림픽,3,ㅇㄹㅍ
올여름,3,ㅇㅇㄹ
옮기다,3,ㅇㄱㄷ
옷차림,3,ㅇㅊㄹ
완전히,3,ㅇㅈㅎ
외갓집,3,ㅇㄱㅈ
외교관,3,ㅇㄱㄱ
외국어,3,ㅇㄱㅇ
외국인,3,ㅇㄱㅇ
외로움,3,ㅇㄹㅇ
외롭다,3,ㅇㄹㄷ
외삼촌,3,ㅇㅅㅊ
외아들,3,ㅇㅇㄷ
외우다,3,ㅇㅇㄷ
외치다,3,ㅇㅊㄷ
요리사,3,ㅇㄹㅅ
요즈음,3,ㅇㅈㅇ
욕하다,3,ㅇㅎㄷ
우리말,3,ㅇㄹㅁ
우습다,3,ㅇㅅㄷ
우연히,3,ㅇㅇㅎ
우체국,3,ㅇㅊㄱ
운동복,3,ㅇㄷㅂ
운동장,3,ㅇㄷㅈ
운동화,3,ㅇㄷㅎ
운전사,3,ㅇㅈㅅ
운전자,3,ㅇㅈㅈ
울리다,3,ㅇㄹㄷ
움직임,3,ㅇㅈㅇ
웃기다,3,ㅇㄱㄷ
웃어른,3,ㅇㅇㄹ
원숭이,3,ㅇㅅㅇ
원피스,3,ㅇㅍㅅ
원하다,3,ㅇㅎㄷ
월드컵,3,ㅇㄷㅋ
월요일,3,ㅇㅇㅇ
웨이터,3,ㅇㅇㅌ
위아래,3,ㅇㅇㄹ
위원장,3,ㅇㅇㅈ
위하다,3,ㅇㅎㄷ
위험성,3,ㅇㅎㅅ
윗사람,3,ㅇㅅㄹ
유난히,3,ㅇㄴㅎ
유리창,3,ㅇㄹㅊ
유적지,3,ㅇㅈㅈ
유치원,3,ㅇㅊㅇ
유학생,3,ㅇㅎㅅ
육체적,3,ㅇㅊㅈ
음료수,3,ㅇㄹㅅ
음식물,3,ㅇㅅㅁ
음식점,3,ㅇㅅㅈ
음악가,3,ㅇㅇㄱ
의도적,3,ㅇㄷㅈ
의외로,3,ㅇㅇㄹ
의하다,3,ㅇㅎㄷ
이같이,3,ㅇㄱㅇ
이기다,3,ㅇㄱㄷ
이끌다,3,ㅇㄲㄷ
이다음,3,ㅇㄷㅇ
이대로,3,ㅇㄷㄹ
이따가,3,ㅇㄸㄱ
이따금,3,ㅇㄸㄱ
이래서,3,ㅇㄹㅅ
이러다,3,ㅇㄹㄷ
이렇게,3,ㅇㄹㄱ
이렇다,3,ㅇㄹㄷ
이력서,3,ㅇㄹㅅ
이론적,3,ㅇㄹㅈ
이롭다,3,ㅇㄹㄷ
이루다,3,ㅇㄹㄷ
이르다,3,ㅇㄹㄷ
이미지,3,ㅇㅁㅈ
이발소,3,ㅇㅂㅅ
이사장,3,ㅇㅅㅈ
이상적,3,ㅇㅅㅈ
이야기,3,ㅇㅇㄱ
이어서,3,ㅇㅇㅅ
이용자,3,ㅇㅇㅈ
이웃집,3,ㅇㅇㅈ
이윽고,3,ㅇㅇㄱ
이제야,3,ㅇㅈㅇ
이튿날,3,ㅇㅌㄴ
익히다,3,ㅇㅎㄷ
인간성,3,ㅇㄱㅅ
인간적,3,ㅇㄱㅈ
인사말,3,ㅇㅅㅁ
인삼차,3,ㅇㅅㅊ
인상적,3,ㅇㅅㅈ
인터넷,3,ㅇㅌㄴ
인터뷰,3,ㅇㅌㅂ
인하다,3,ㅇㅎㄷ
일반인,3,ㅇㅂㅇ
일반적,3,ㅇㅂㅈ
일본어,3,ㅇㅂㅇ
일부러,3,ㅇㅂㄹ
일상적,3,ㅇㅅㅈ
일시적,3,ㅇㅅㅈ
일요일,3,ㅇㅇㅇ
일일이,3,ㅇㅇㅇ
일자리,3,ㅇㅈㄹ
일주일,3,ㅇㅈㅇ
일찍이,3,ㅇㅉㅇ
일하다,3,ㅇㅎㄷ
일회용,3,ㅇㅎㅇ
읽히다,3,ㅇㅎㄷ
임신부,3,ㅇㅅㅂ
입히다,3,ㅇㅎㄷ
자가용,3,ㅈㄱㅇ
자격증,3,ㅈㄱㅈ
자꾸만,3,ㅈㄲㅁ
자동차,3,ㅈㄷㅊ
자라다,3,ㅈㄹㄷ
자르다,3,ㅈㄹㄷ
자부심,3,ㅈㅂㅅ
자세히,3,ㅈㅅㅎ
자신감,3,ㅈㅅㄱ
자연적,3,ㅈㅇㅈ
자연히,3,ㅈㅇㅎ
자장면,3,ㅈㅈㅁ
자전거,3,ㅈㅈㄱ
자존심,3,ㅈㅈㅅ
자판기,3,ㅈㅍㄱ
작은딸,3,ㅈㅇㄸ
잔디밭,3,ㅈㄷㅂ
잘나다,3,ㅈㄴㄷ
잘되다,3,ㅈㄷㄷ
잘리다,3,ㅈㄹㄷ
잘살다,3,ㅈㅅㄷ
잘하다,3,ㅈㅎㄷ
잠그다,3,ㅈㄱㄷ
잠기다,3,ㅈㄱㄷ
잠들다,3,ㅈㄷㄷ
잠수함,3,ㅈㅅㅎ
잠자다,3,ㅈㅈㄷ
잠자리,3,ㅈㅈㄹ
잡수다,3,ㅈㅅㄷ
잡히다,3,ㅈㅎㄷ
장기간,3,ㅈㄱㄱ
장기적,3,ㅈㄱㅈ
장난감,3,ㅈㄴㄱ
장례식,3,ㅈㄹㅅ
장모님,3,ㅈㅁㄴ
장사꾼,3,ㅈㅅㄲ
장애인,3,ㅈㅇㅇ
장학금,3,ㅈㅎㄱ
재밌다,3,ㅈㅁㄷ
재빨리,3,ㅈㅃㄹ
재우다,3,ㅈㅇㄷ
재작년,3,ㅈㅈㄴ
재채기,3,ㅈㅊㄱ
재활용,3,ㅈㅎㅇ
저고리,3,ㅈㄱㄹ
저녁때,3,ㅈㄴㄸ
저러다,3,ㅈㄹㄷ
저렇게,3,ㅈㄹㄱ
저렇다,3,ㅈㄹㄷ
저마다,3,ㅈㅁㄷ
저절로,3,ㅈㅈㄹ
적극적,3,ㅈㄱㅈ
적당히,3,ㅈㄷㅎ
적어도,3,ㅈㅇㄷ
적히다,3,ㅈㅎㄷ
전국적,3,ㅈㄱㅈ
전라도,3,ㅈㄹㄷ
전문가,3,ㅈㅁㄱ
전문적,3,ㅈㅁㅈ
전문점,3,ㅈㅁㅈ
전문직,3,ㅈㅁㅈ
전반적,3,ㅈㅂㅈ
전시장,3,ㅈㅅㅈ
전시회,3,ㅈㅅㅎ
전체적,3,ㅈㅊㅈ
전통적,3,ㅈㅌㅈ
전하다,3,ㅈㅎㄷ
전화기,3,ㅈㅎㄱ
절대로,3,ㅈㄷㄹ
절대적,3,ㅈㄷㅈ
젊은이,3,ㅈㅇㅇ
점심때,3,ㅈㅅㄸ
점잖다,3,ㅈㅈㄷ
접하다,3,ㅈㅎㄷ
젓가락,3,ㅈㄱㄹ
정거장,3,ㅈㄱㅈ
정기적,3,ㅈㄱㅈ
정류장,3,ㅈㄹㅈ
정말로,3,ㅈㅁㄹ
정반대,3,ㅈㅂㄷ
정보화,3,ㅈㅂㅎ
정상적,3,ㅈㅅㅈ
정신과,3,ㅈㅅㄱ
정신적,3,ㅈㅅㅈ
정치권,3,ㅈㅊㄱ
정치인,3,ㅈㅊㅇ
정치적,3,ㅈㅊㅈ
정치학,3,ㅈㅊㅎ
정하다,3,ㅈㅎㄷ
정확히,3,ㅈㅎㅎ
제과점,3,ㅈㄱㅈ
제대로,3,ㅈㄷㄹ
제도적,3,ㅈㄷㅈ
제삿날,3,ㅈㅅㄴ
제자리,3,ㅈㅈㄹ
제주도,3,ㅈㅈㄷ
조금씩,3,ㅈㄱㅆ
조르다,3,ㅈㄹㄷ
조미료,3,ㅈㅁㄹ
조용히,3,ㅈㅇㅎ
존댓말,3,ㅈㄷㅁ
졸리다,3,ㅈㄹㄷ
졸업생,3,ㅈㅇㅅ
좁히다,3,ㅈㅎㄷ
종교적,3,ㅈㄱㅈ
종소리,3,ㅈㅅㄹ
종업원,3,ㅈㅇㅇ
종이컵,3,ㅈㅇㅋ
주관적,3,ㅈㄱㅈ
주름살,3,ㅈㄹㅅ
주머니,3,ㅈㅁㄴ
주인공,3,ㅈㅇㄱ
주전자,3,ㅈㅈㅈ
주차장,3,ㅈㅊㅈ
죽이다,3,ㅈㅇㄷ
준비물,3,ㅈㅂㅁ
줄거리,3,ㅈㄱㄹ
줄무늬,3,ㅈㅁㄴ
줄이다,3,ㅈㅇㄷ
중국어,3,ㅈㄱㅇ
중국집,3,ㅈㄱㅈ
중심지,3,ㅈㅅㅈ
중요성,3,ㅈㅇㅅ
중학교,3,ㅈㅎㄱ
중학생,3,ㅈㅎㅅ
즐거움,3,ㅈㄱㅇ
즐겁다,3,ㅈㄱㄷ
즐기다,3,ㅈㄱㄷ
증권사,3,ㅈㄱㅅ
지겹다,3,ㅈㄱㄷ
지극히,3,ㅈㄱㅎ
지금껏,3,ㅈㄱㄲ
지나다,3,ㅈㄴㄷ
지난날,3,ㅈㄴㄴ
지난달,3,ㅈㄴㄷ
지난번,3,ㅈㄴㅂ
지난주,3,ㅈㄴㅈ
지난해,3,ㅈㄴㅎ
지내다,3,ㅈㄴㄷ
지니다,3,ㅈㄴㄷ
지도자,3,ㅈㄷㅈ
지르다,3,ㅈㄹㄷ
지름길,3,ㅈㄹㄱ
지리산,3,ㅈㄹㅅ
지속적,3,ㅈㅅㅈ
지식인,3,ㅈㅅㅇ
지우개,3,ㅈㅇㄱ
지우다,3,ㅈㅇㄷ
지치다,3,ㅈㅊㄷ
지키다,3,ㅈㅋㄷ
지하도,3,ㅈㅎㄷ
지하철,3,ㅈㅎㅊ
직장인,3,ㅈㅈㅇ
직접적,3,ㅈㅈㅈ
진달래,3,ㅈㄷㄹ
진실로,3,ㅈㅅㄹ
진하다,3,ㅈㅎㄷ
진행자,3,ㅈㅎㅈ
집단적,3,ㅈㄷㅈ
집안일,3,ㅈㅇㅇ
집중적,3,ㅈㅈㅈ
쫓기다,3,ㅉㄱㄷ
찌꺼기,3,ㅉㄲㄱ
찌르다,3,ㅉㄹㄷ
찍히다,3,ㅉㅎㄷ
차갑다,3,ㅊㄱㄷ
차라리,3,ㅊㄹㄹ
차리다,3,ㅊㄹㄷ
차이점,3,ㅊㅇㅈ
착하다,3,ㅊㅎㄷ
참기름,3,ㅊㄱㄹ
참되다,3,ㅊㄷㄷ
참석자,3,ㅊㅅㅈ
참으로,3,ㅊㅇㄹ
창조적,3,ㅊㅈㅈ
채우다,3,ㅊㅇㄷ
책가방,3,ㅊㄱㅂ
책임감,3,ㅊㅇㄱ
책임자,3,ㅊㅇㅈ
챔피언,3,ㅊㅍㅇ
챙기다,3,ㅊㄱㄷ
척하다,3,ㅊㅎㄷ
천천히,3,ㅊㅊㅎ
철저히,3,ㅊㅈㅎ
철학자,3,ㅊㅎㅈ
철학적,3,ㅊㅎㅈ
청바지,3,ㅊㅂㅈ
청소기,3,ㅊㅅㄱ
청소년,3,ㅊㅅㄴ
청하다,3,ㅊㅎㄷ
체계적,3,ㅊㄱㅈ
체육관,3,ㅊㅇㄱ
체하다,3,ㅊㅎㄷ
초록색,3,ㅊㄹㅅ
초보자,3,ㅊㅂㅈ
초상화,3,ㅊㅅㅎ
초여름,3,ㅊㅇㄹ
초저녁,3,ㅊㅈㄴ
초청장,3,ㅊㅊㅈ
초콜릿,3,ㅊㅋㄹ
최고급,3,ㅊㄱㄱ
최대한,3,ㅊㄷㅎ
최소한,3,ㅊㅅㅎ
축구공,3,ㅊㄱㄱ
축구장,3,ㅊㄱㅈ
출발점,3,ㅊㅂㅈ
출입국,3,ㅊㅇㄱ
출입문,3,ㅊㅇㅁ
출퇴근,3,ㅊㅌㄱ
출판사,3,ㅊㅍㅅ
춤추다,3,ㅊㅊㄷ
충격적,3,ㅊㄱㅈ
충분히,3,ㅊㅂㅎ
충청도,3,ㅊㅊㄷ
취하다,3,ㅊㅎㄷ
치료법,3,ㅊㄹㅂ
치르다,3,ㅊㄹㄷ
치우다,3,ㅊㅇㄷ
친하다,3,ㅊㅎㄷ
칠하다,3,ㅊㅎㄷ
카메라,3,ㅋㅁㄹ
카운터,3,ㅋㅇㅌ
칼국수,3,ㅋㄱㅅ
캐나다,3,ㅋㄴㄷ
캐릭터,3,ㅋㄹㅌ
캠퍼스,3,ㅋㅍㅅ
캠페인,3,ㅋㅍㅇ
커지다,3,ㅋㅈㄷ
컨디션,3,ㅋㄷㅅ
컴퓨터,3,ㅋㅍㅌ
켜지다,3,ㅋㅈㄷ
코끼리,3,ㅋㄲㄹ
코미디,3,ㅋㅁㄷ
콘서트,3,ㅋㅅㅌ
콩나물,3,ㅋㄴㅁ
쿠데타,3,ㅋㄷㅌ
큰소리,3,ㅋㅅㄹ
큰아들,3,ㅋㅇㄷ
클래식,3,ㅋㄹㅅ
키우다,3,ㅋㅇㄷ
타자기,3,ㅌㅈㄱ
태권도,3,ㅌㄱㄷ
태우다,3,ㅌㅇㄷ
택하다,3,ㅌㅎㄷ
탤런트,3,ㅌㄹㅌ
터미널,3,ㅌㅁㄴ
터지다,3,ㅌㅈㄷ
테니스,3,ㅌㄴㅅ
테스트,3,ㅌㅅㅌ
테이블,3,ㅌㅇㅂ
테이프,3,ㅌㅇㅍ
텍스트,3,ㅌㅅㅌ
토론자,3,ㅌㄹㅈ
토론회,3,ㅌㄹㅎ
토마토,3,ㅌㅁㅌ
토요일,3,ㅌㅇㅇ
토하다,3,ㅌㅎㄷ
통하다,3,ㅌㅎㄷ
퇴직금,3,ㅌㅈㄱ
튀기다,3,ㅌㄱㄷ
트이다,3,ㅌㅇㄷ
특별히,3,ㅌㅂㅎ
특수성,3,ㅌㅅㅅ
튼튼히,3,ㅌㅌㅎ
틀리다,3,ㅌㄹㄷ
티브이,3,ㅌㅂㅇ
티셔츠,3,ㅌㅅㅊ
파란색,3,ㅍㄹㅅ
파랗다,3,ㅍㄹㄷ
파출소,3,ㅍㅊㅅ
팔리다,3,ㅍㄹㄷ
퍼센트,3,ㅍㅅㅌ
퍼지다,3,ㅍㅈㄷ
페인트,3,ㅍㅇㅌ
펴내다,3,ㅍㄴㄷ
편의점,3,ㅍㅇㅈ
편하다,3,ㅍㅎㄷ
평상시,3,ㅍㅅㅅ
포도주,3,ㅍㄷㅈ
포스터,3,ㅍㅅㅌ
포인트,3,ㅍㅇㅌ
폭넓다,3,ㅍㄴㄷ
푸르다,3,ㅍㄹㄷ
풀리다,3,ㅍㄹㄷ
프랑스,3,ㅍㄹㅅ
프린터,3,ㅍㄹㅌ
피아노,3,ㅍㅇㄴ
피우다,3,ㅍㅇㄷ
피하다,3,ㅍㅎㄷ
피해자,3,ㅍㅎㅈ
필수적,3,ㅍㅅㅈ
필연적,3,ㅍㅇㅈ
필요성,3,ㅍㅇㅅ
하나님,3,ㅎㄴㄴ
하느님,3,ㅎㄴㄴ
하룻밤,3,ㅎㄹㅂ
하반기,3,ㅎㅂㄱ
하숙집,3,ㅎㅅㅈ
하얀색,3,ㅎㅇㅅ
하얗다,3,ㅎㅇㄷ
하여튼,3,ㅎㅇㅌ
하지만,3,ㅎㅈㅁ
학부모,3,ㅎㅂㅁ
학생증,3,ㅎㅅㅈ
학용품,3,ㅎㅇㅍ
한겨울,3,ㅎㄱㅇ
한구석,3,ㅎㄱㅅ
한국말,3,ㅎㄱㅁ
한국어,3,ㅎㄱㅇ
한국적,3,ㅎㄱㅈ
한글날,3,ㅎㄱㄴ
한동안,3,ㅎㄷㅇ
한라산,3,ㅎㄹㅅ
한마디,3,ㅎㅁㄷ
한반도,3,ㅎㅂㄷ
한밤중,3,ㅎㅂㅈ
한순간,3,ㅎㅅㄱ
한여름,3,ㅎㅇㄹ
한평생,3,ㅎㅍㅅ
한하다,3,ㅎㅎㄷ
할머니,3,ㅎㅁㄴ
함부로,3,ㅎㅂㄹ
합리적,3,ㅎㄹㅈ
합치다,3,ㅎㅊㄷ
합하다,3,ㅎㅎㄷ
항공기,3,ㅎㄱㄱ
해내다,3,ㅎㄴㄷ
해롭다,3,ㅎㄹㄷ
해마다,3,ㅎㅁㄷ
핸드백,3,ㅎㄷㅂ
핸드폰,3,ㅎㄷㅍ
햄버거,3,ㅎㅂㄱ
행하다,3,ㅎㅎㄷ
향하다,3,ㅎㅎㄷ
헤매다,3,ㅎㅁㄷ
현관문,3,ㅎㄱㅁ
현대인,3,ㅎㄷㅇ
현대적,3,ㅎㄷㅈ
현실적,3,ㅎㅅㅈ
형식적,3,ㅎㅅㅈ
호기심,3,ㅎㄱㅅ
호랑이,3,ㅎㄹㅇ
혼나다,3,ㅎㄴㄷ
혼잣말,3,ㅎㅈㅁ
화나다,3,ㅎㄴㄷ
화요일,3,ㅎㅇㅇ
화장실,3,ㅎㅈㅅ
화장지,3,ㅎㅈㅈ
화장품,3,ㅎㅈㅍ
확실히,3,ㅎㅅㅎ
환하다,3,ㅎㅎㄷ
활발히,3,ㅎㅂㅎ
효과적,3,ㅎㄱㅈ
효율적,3,ㅎㅇㅈ
훔치다,3,ㅎㅊㄷ
휴지통,3,ㅎㅈㅌ
흐르다,3,ㅎㄹㄷ
흐리다,3,ㅎㄹㄷ
흔들다,3,ㅎㄷㄷ
흔하다,3,ㅎㅎㄷ
흘리다,3,ㅎㄹㄷ
힘겹다,3,ㅎㄱㄷ
힘들다,3,ㅎㄷㄷ
힘쓰다,3,ㅎㅆㄷ
힘없이,3,ㅎㅇㅇ
힘차다,3,ㅎㅊㄷ
가난하다,4,ㄱㄴㅎㄷ
가능하다,4,ㄱㄴㅎㄷ
가득하다,4,ㄱㄷㅎㄷ
가라앉다,4,ㄱㄹㅇㄷ
가려지다,4,ㄱㄹㅈㄷ
가로막다,4,ㄱㄹㅁㄷ
가르치다,4,ㄱㄹㅊㄷ
가리키다,4,ㄱㄹㅋㄷ
가만있다,4,ㄱㅁㅇㄷ
가입하다,4,ㄱㅇㅎㄷ
가정교사,4,ㄱㅈㄱㅅ
가져가다,4,ㄱㅈㄱㄷ
가져오다,4,ㄱㅈㅇㄷ
간단하다,4,ㄱㄷㅎㄷ
간편하다,4,ㄱㅍㅎㄷ
갈아입다,4,ㄱㅇㅇㄷ
갈아타다,4,ㄱㅇㅌㄷ
감사하다,4,ㄱㅅㅎㄷ
감상하다,4,ㄱㅅㅎㄷ
감소되다,4,ㄱㅅㄷㄷ
감소하다,4,ㄱㅅㅎㄷ
강력하다,4,ㄱㄹㅎㄷ
강렬하다,4,ㄱㄹㅎㄷ
강요하다,4,ㄱㅇㅎㄷ
강의하다,4,ㄱㅇㅎㄷ
강조하다,4,ㄱㅈㅎㄷ
강화하다,4,ㄱㅎㅎㄷ
같이하다,4,ㄱㅇㅎㄷ
개발되다,4,ㄱㅂㄷㄷ
개발하다,4,ㄱㅂㅎㄷ
개방되다,4,ㄱㅂㄷㄷ
개방하다,4,ㄱㅂㅎㄷ
개선되다,4,ㄱㅅㄷㄷ
개선하다,4,ㄱㅅㅎㄷ
거대하다,4,ㄱㄷㅎㄷ
거부하다,4,ㄱㅂㅎㄷ
거절하다,4,ㄱㅈㅎㄷ
걱정되다,4,ㄱㅈㄷㄷ
걱정하다,4,ㄱㅈㅎㄷ
건강하다,4,ㄱㄱㅎㄷ
건너가다,4,ㄱㄴㄱㄷ
건너오다,4,ㄱㄴㅇㄷ
건네주다,4,ㄱㄴㅈㄷ
건드리다,4,ㄱㄷㄹㄷ
건설되다,4,ㄱㅅㄷㄷ
건설하다,4,ㄱㅅㅎㄷ
건전하다,4,ㄱㅈㅎㄷ
건조하다,4,ㄱㅈㅎㄷ
걸어가다,4,ㄱㅇㄱㄷ
걸어오다,4,ㄱㅇㅇㄷ
게으르다,4,ㄱㅇㄹㄷ
결석하다,4,ㄱㅅㅎㄷ
결심하다,4,ㄱㅅㅎㄷ
결정되다,4,ㄱㅈㄷㄷ
결정하다,4,ㄱㅈㅎㄷ
결혼하다,4,ㄱㅎㅎㄷ
경고하다,4,ㄱㄱㅎㄷ
경영하다,4,ㄱㅇㅎㄷ
경험하다,4,ㄱㅎㅎㄷ
계산하다,4,ㄱㅅㅎㄷ
계속되다,4,ㄱㅅㄷㄷ
계속하다,4,ㄱㅅㅎㄷ
계획하다,4,ㄱㅎㅎㄷ
고등학교,4,ㄱㄷㅎㄱ
고등학생,4,ㄱㄷㅎㅅ
고려하다,4,ㄱㄹㅎㄷ
고민하다,4,ㄱㅁㅎㄷ
고생하다,4,ㄱㅅㅎㄷ
고소하다,4,ㄱㅅㅎㄷ
고속도로,4,ㄱㅅㄷㄹ
고속버스,4,ㄱㅅㅂㅅ
고요하다,4,ㄱㅇㅎㄷ
고집하다,4,ㄱㅈㅎㄷ
고춧가루,4,ㄱㅊㄱㄹ
곤란하다,4,ㄱㄹㅎㄷ
공개하다,4,ㄱㄱㅎㄷ
공격하다,4,ㄱㄱㅎㄷ
공부하다,4,ㄱㅂㅎㄷ
공연되다,4,ㄱㅇㄷㄷ
공연하다,4,ㄱㅇㅎㄷ
공중전화,4,ㄱㅈㅈㅎ
공통되다,4,ㄱㅌㄷㄷ
공항버스,4,ㄱㅎㅂㅅ
관계되다,4,ㄱㄱㄷㄷ
관계없이,4,ㄱㄱㅇㅇ
관광버스,4,ㄱㄱㅂㅅ
관련되다,4,ㄱㄹㄷㄷ
관련하다,4,ㄱㄹㅎㄷ
관리하다,4,ㄱㄹㅎㄷ
관찰하다,4,ㄱㅊㅎㄷ
괴롭히다,4,ㄱㄹㅎㄷ
굉장하다,4,ㄱㅈㅎㄷ
교통사고,4,ㄱㅌㅅㄱ
교환하다,4,ㄱㅎㅎㄷ
구경하다,4,ㄱㄱㅎㄷ
구별되다,4,ㄱㅂㄷㄷ
구별하다,4,ㄱㅂㅎㄷ
구분되다,4,ㄱㅂㄷㄷ
구분하다,4,ㄱㅂㅎㄷ
구석구석,4,ㄱㅅㄱㅅ
구성되다,4,ㄱㅅㄷㄷ
구성하다,4,ㄱㅅㅎㄷ
구속되다,4,ㄱㅅㄷㄷ
구속하다,4,ㄱㅅㅎㄷ
구입하다,4,ㄱㅇㅎㄷ
국회의원,4,ㄱㅎㅇㅇ
굳어지다,4,ㄱㅇㅈㄷ
궁금하다,4,ㄱㄱㅎㄷ
귀가하다,4,ㄱㄱㅎㄷ
귀국하다,4,ㄱㄱㅎㄷ
귀중하다,4,ㄱㅈㅎㄷ
그때그때,4,ㄱㄸㄱㄸ
그러니까,4,ㄱㄹㄴㄲ
그러므로,4,ㄱㄹㅁㄹ
그러하다,4,ㄱㄹㅎㄷ
그런대로,4,ㄱㄹㄷㄹ
그렇지만,4,ㄱㄹㅈㅁ
그려지다,4,ㄱㄹㅈㄷ
그리하여,4,ㄱㄹㅎㅇ
그만두다,4,ㄱㅁㄷㄷ
그만하다,4,ㄱㅁㅎㄷ
그야말로,4,ㄱㅇㅁㄹ
그제서야,4,ㄱㅈㅅㅇ
극복하다,4,ㄱㅂㅎㄷ
근거하다,4,ㄱㄱㅎㄷ
근무하다,4,ㄱㅁㅎㄷ
금지되다,4,ㄱㅈㄷㄷ
금지하다,4,ㄱㅈㅎㄷ
급증하다,4,ㄱㅈㅎㄷ
기념하다,4,ㄱㄴㅎㄷ
기다리다,4,ㄱㄷㄹㄷ
기대되다,4,ㄱㄷㄷㄷ
기대하다,4,ㄱㄷㅎㄷ
기도하다,4,ㄱㄷㅎㄷ
기록되다,4,ㄱㄹㄷㄷ
기록하다,4,ㄱㄹㅎㄷ
기막히다,4,ㄱㅁㅎㄷ
기뻐하다,4,ㄱㅃㅎㄷ
기성세대,4,ㄱㅅㅅㄷ
기술하다,4,ㄱㅅㅎㄷ
기억나다,4,ㄱㅇㄴㄷ
기억되다,4,ㄱㅇㄷㄷ
기억하다,4,ㄱㅇㅎㄷ
기여하다,4,ㄱㅇㅎㄷ
기울이다,4,ㄱㅇㅇㄷ
기초하다,4,ㄱㅊㅎㄷ
긴장되다,4,ㄱㅈㄷㄷ
긴장하다,4,ㄱㅈㅎㄷ
길어지다,4,ㄱㅇㅈㄷ
김치찌개,4,ㄱㅊㅉㄱ
김포공항,4,ㄱㅍㄱㅎ
깔끔하다,4,ㄲㄲㅎㄷ
깨끗하다,4,ㄲㄲㅎㄷ
깨뜨리다,4,ㄲㄸㄹㄷ
깨어나다,4,ㄲㅇㄴㄷ
깨어지다,4,ㄲㅇㅈㄷ
꼼꼼하다,4,ㄲㄲㅎㄷ
꾸준하다,4,ㄲㅈㅎㄷ
끄덕이다,4,ㄲㄷㅇㄷ
끊어지다,4,ㄲㅇㅈㄷ
끊임없다,4,ㄲㅇㅇㄷ
끊임없이,4,ㄲㅇㅇㅇ
끼어들다,4,ㄲㅇㄷㄷ
나뭇가지,4,ㄴㅁㄱㅈ
나빠지다,4,ㄴㅃㅈㄷ
나아가다,4,ㄴㅇㄱㄷ
나아지다,4,ㄴㅇㅈㄷ
나타나다,4,ㄴㅌㄴㄷ
나타내다,4,ㄴㅌㄴㄷ
날아가다,4,ㄴㅇㄱㄷ
날아오다,4,ㄴㅇㅇㄷ
날카롭다,4,ㄴㅋㄹㄷ
납득하다,4,ㄴㄷㅎㄷ
낮아지다,4,ㄴㅇㅈㄷ
내다보다,4,ㄴㄷㅂㄷ
내려가다,4,ㄴㄹㄱㄷ
내려놓다,4,ㄴㄹㄴㄷ
내려오다,4,ㄴㄹㅇㄷ
내려지다,4,ㄴㄹㅈㄷ
내버리다,4,ㄴㅂㄹㄷ
내보내다,4,ㄴㅂㄴㄷ
넉넉하다,4,ㄴㄴㅎㄷ
넓어지다,4,ㄴㅇㅈㄷ
넘겨주다,4,ㄴㄱㅈㄷ
넘어가다,4,ㄴㅇㄱㄷ
넘어서다,4,ㄴㅇㅅㄷ
넘어오다,4,ㄴㅇㅇㄷ
넘어지다,4,ㄴㅇㅈㄷ
노래하다,4,ㄴㄹㅎㄷ
노랫소리,4,ㄴㄹㅅㄹ
노력하다,4,ㄴㄹㅎㄷ
녹음하다,4,ㄴㅇㅎㄷ
논의하다,4,ㄴㅇㅎㄷ
농사짓다,4,ㄴㅅㅈㄷ
높아지다,4,ㄴㅇㅈㄷ
놓아두다,4,ㄴㅇㄷㄷ
눈부시다,4,ㄴㅂㅅㄷ
느껴지다,4,ㄴㄲㅈㄷ
늘어나다,4,ㄴㅇㄴㄷ
늘어놓다,4,ㄴㅇㄴㄷ
늘어서다,4,ㄴㅇㅅㄷ
늘어지다,4,ㄴㅇㅈㄷ
늦어지다,4,ㄴㅇㅈㄷ
다가가다,4,ㄷㄱㄱㄷ
다가서다,4,ㄷㄱㅅㄷ
다가오다,4,ㄷㄱㅇㄷ
다녀가다,4,ㄷㄴㄱㄷ
다녀오다,4,ㄷㄴㅇㄷ
다름없다,4,ㄷㄹㅇㄷ
다양하다,4,ㄷㅇㅎㄷ
다이어트,4,ㄷㅇㅇㅌ
다정하다,4,ㄷㅈㅎㄷ
다짐하다,4,ㄷㅈㅎㄷ
단단하다,4,ㄷㄷㅎㄷ
단순하다,4,ㄷㅅㅎㄷ
달라지다,4,ㄷㄹㅈㄷ
달려가다,4,ㄷㄹㄱㄷ
달려들다,4,ㄷㄹㄷㄷ
달려오다,4,ㄷㄹㅇㄷ
달리하다,4,ㄷㄹㅎㄷ
달아나다,4,ㄷㅇㄴㄷ
담당하다,4,ㄷㄷㅎㄷ
답답하다,4,ㄷㄷㅎㄷ
당당하다,4,ㄷㄷㅎㄷ
당연하다,4,ㄷㅇㅎㄷ
당황하다,4,ㄷㅎㅎㄷ
대기하다,4,ㄷㄱㅎㄷ
대단하다,4,ㄷㄷㅎㄷ
대답하다,4,ㄷㄷㅎㄷ
대비하다,4,ㄷㅂㅎㄷ
대신하다,4,ㄷㅅㅎㄷ
대응하다,4,ㄷㅇㅎㄷ
대접하다,4,ㄷㅈㅎㄷ
대중교통,4,ㄷㅈㄱㅌ
대중문화,4,ㄷㅈㅁㅎ
대처하다,4,ㄷㅊㅎㄷ
대표하다,4,ㄷㅍㅎㄷ
대학교수,4,ㄷㅎㄱㅅ
대한민국,4,ㄷㅎㅁㄱ
대화하다,4,ㄷㅎㅎㄷ
덧붙이다,4,ㄷㅂㅇㄷ
데려가다,4,ㄷㄹㄱㄷ
데려오다,4,ㄷㄹㅇㄷ
도달하다,4,ㄷㄷㅎㄷ
도망가다,4,ㄷㅁㄱㄷ
도망치다,4,ㄷㅁㅊㄷ
도와주다,4,ㄷㅇㅈㄷ
도착하다,4,ㄷㅊㅎㄷ
독립하다,4,ㄷㄹㅎㄷ
독특하다,4,ㄷㅌㅎㄷ
돌려주다,4,ㄷㄹㅈㄷ
돌아가다,4,ㄷㅇㄱㄷ
돌아보다,4,ㄷㅇㅂㄷ
돌아서다,4,ㄷㅇㅅㄷ
돌아오다,4,ㄷㅇㅇㄷ
동그라미,4,ㄷㄱㄹㅁ
동그랗다,4,ㄷㄱㄹㄷ
동서남북,4,ㄷㅅㄴㅂ
동의하다,4,ㄷㅇㅎㄷ
동일하다,4,ㄷㅇㅎㄷ
돼지고기,4,ㄷㅈㄱㄱ
되돌리다,4,ㄷㄷㄹㄷ
되살리다,4,ㄷㅅㄹㄷ
된장찌개,4,ㄷㅈㅉㄱ
두드리다,4,ㄷㄷㄹㄷ
둘러보다,4,ㄷㄹㅂㄷ
둘러싸다,4,ㄷㄹㅆㄷ
뒤따르다,4,ㄷㄸㄹㄷ
드러나다,4,ㄷㄹㄴㄷ
들려오다,4,ㄷㄹㅇㄷ
들려주다,4,ㄷㄹㅈㄷ
들어가다,4,ㄷㅇㄱㄷ
들어서다,4,ㄷㅇㅅㄷ
들어오다,4,ㄷㅇㅇㄷ
들어주다,4,ㄷㅇㅈㄷ
들여놓다,4,ㄷㅇㄴㄷ
들이켜다,4,ㄷㅇㅋㄷ
등록하다,4,ㄷㄹㅎㄷ
등장하다,4,ㄷㅈㅎㄷ
디자이너,4,ㄷㅈㅇㄴ
따뜻하다,4,ㄸㄸㅎㄷ
따라가다,4,ㄸㄹㄱㄷ
따라오다,4,ㄸㄹㅇㄷ
따로따로,4,ㄸㄹㄸㄹ
따스하다,4,ㄸㅅㅎㄷ
딱딱하다,4,ㄸㄸㅎㄷ
떠나가다,4,ㄸㄴㄱㄷ
떠나오다,4,ㄸㄴㅇㄷ
떠오르다,4,ㄸㅇㄹㄷ
떠올리다,4,ㄸㅇㄹㄷ
떨어지다,4,ㄸㅇㅈㄷ
똑똑하다,4,ㄸㄸㅎㄷ
뚱뚱하다,4,ㄸㄸㅎㄷ
뛰어가다,4,ㄸㅇㄱㄷ
뛰어나다,4,ㄸㅇㄴㄷ
뛰어넘다,4,ㄸㅇㄴㄷ
뛰어놀다,4,ㄸㅇㄴㄷ
뛰어들다,4,ㄸㅇㄷㄷ
뛰어오다,4,ㄸㅇㅇㄷ
레스토랑,4,ㄹㅅㅌㄹ
마땅하다,4,ㅁㄸㅎㄷ
마련되다,4,ㅁㄹㄷㄷ
마련하다,4,ㅁㄹㅎㄷ
마요네즈,4,ㅁㅇㄴㅈ
마음가짐,4,ㅁㅇㄱㅈ
마음대로,4,ㅁㅇㄷㄹ
마음먹다,4,ㅁㅇㅁㄷ
마주치다,4,ㅁㅈㅊㄷ
마찬가지,4,ㅁㅊㄱㅈ
만만하다,4,ㅁㅁㅎㄷ
만족하다,4,ㅁㅈㅎㄷ
많아지다,4,ㅁㅇㅈㄷ
말씀하다,4,ㅁㅆㅎㄷ
망설이다,4,ㅁㅅㅇㄷ
맞이하다,4,ㅁㅇㅎㄷ
매달리다,4,ㅁㄷㄹㄷ
머리카락,4,ㅁㄹㅋㄹ
머무르다,4,ㅁㅁㄹㄷ
먹고살다,4,ㅁㄱㅅㄷ
멀어지다,4,ㅁㅇㅈㄷ
명확하다,4,ㅁㅎㅎㄷ
모색하다,4,ㅁㅅㅎㄷ
모여들다,4,ㅁㅇㄷㄷ
모자라다,4,ㅁㅈㄹㄷ
모집하다,4,ㅁㅈㅎㄷ
몰려들다,4,ㅁㄹㄷㄷ
몰려오다,4,ㅁㄹㅇㄷ
못생기다,4,ㅁㅅㄱㄷ
못지않다,4,ㅁㅈㅇㄷ
묘사하다,4,ㅁㅅㅎㄷ
무너지다,4,ㅁㄴㅈㄷ
무리하다,4,ㅁㄹㅎㄷ
무사하다,4,ㅁㅅㅎㄷ
무시하다,4,ㅁㅅㅎㄷ
문제되다,4,ㅁㅈㄷㄷ
물러나다,4,ㅁㄹㄴㄷ
물어보다,4,ㅁㅇㅂㄷ
미끄럽다,4,ㅁㄲㄹㄷ
미안하다,4,ㅁㅇㅎㄷ
미워하다,4,ㅁㅇㅎㄷ
민주주의,4,ㅁㅈㅈㅇ
믿어지다,4,ㅁㅇㅈㄷ
밀리미터,4,ㅁㄹㅁㅌ
밀접하다,4,ㅁㅈㅎㄷ
바라보다,4,ㅂㄹㅂㄷ
바로잡다,4,ㅂㄹㅈㄷ
바이러스,4,ㅂㅇㄹㅅ
바이올린,4,ㅂㅇㅇㄹ
반대하다,4,ㅂㄷㅎㄷ
반복되다,4,ㅂㅂㄷㄷ
반복하다,4,ㅂㅂㅎㄷ
반성하다,4,ㅂㅅㅎㄷ
반영하다,4,ㅂㅇㅎㄷ
반짝이다,4,ㅂㅉㅇㄷ
발견되다,4,ㅂㄱㄷㄷ
발견하다,4,ㅂㄱㅎㄷ
발달되다,4,ㅂㄷㄷㄷ
발달하다,4,ㅂㄷㅎㄷ
발생하다,4,ㅂㅅㅎㄷ
발음하다,4,ㅂㅇㅎㄷ
발전되다,4,ㅂㅈㄷㄷ
발전하다,4,ㅂㅈㅎㄷ
발표되다,4,ㅂㅍㄷㄷ
발표하다,4,ㅂㅍㅎㄷ
발휘하다,4,ㅂㅎㅎㄷ
밝아지다,4,ㅂㅇㅈㄷ
밝혀내다,4,ㅂㅎㄴㄷ
밝혀지다,4,ㅂㅎㅈㄷ
밤새우다,4,ㅂㅅㅇㄷ
방문하다,4,ㅂㅁㅎㄷ
방송하다,4,ㅂㅅㅎㄷ
방지하다,4,ㅂㅈㅎㄷ
방해하다,4,ㅂㅎㅎㄷ
배고프다,4,ㅂㄱㅍㄷ
배드민턴,4,ㅂㄷㅁㅌ
배부르다,4,ㅂㅂㄹㄷ
배추김치,4,ㅂㅊㄱㅊ
버려지다,4,ㅂㄹㅈㄷ
번거롭다,4,ㅂㄱㄹㄷ
번역하다,4,ㅂㅇㅎㄷ
벌어지다,4,ㅂㅇㅈㄷ
변화되다,4,ㅂㅎㄷㄷ
변화하다,4,ㅂㅎㅎㄷ
별다르다,4,ㅂㄷㄹㄷ
보고하다,4,ㅂㄱㅎㄷ
보관하다,4,ㅂㄱㅎㄷ
보내오다,4,ㅂㄴㅇㄷ
보도되다,4,ㅂㄷㄷㄷ
보도하다,4,ㅂㄷㅎㄷ
보살피다,4,ㅂㅅㅍㄷ
보완하다,4,ㅂㅇㅎㄷ
보장되다,4,ㅂㅈㄷㄷ
보장하다,4,ㅂㅈㅎㄷ
보존하다,4,ㅂㅈㅎㄷ
보충하다,4,ㅂㅊㅎㄷ
보호되다,4,ㅂㅎㄷㄷ
보호하다,4,ㅂㅎㅎㄷ
복사하다,4,ㅂㅅㅎㄷ
복습하다,4,ㅂㅅㅎㄷ
복잡하다,4,ㅂㅈㅎㄷ
봉사하다,4,ㅂㅅㅎㄷ
부끄러움,4,ㅂㄲㄹㅇ
부끄럽다,4,ㅂㄲㄹㄷ
부담하다,4,ㅂㄷㅎㄷ
부드럽다,4,ㅂㄷㄹㄷ
부딪치다,4,ㅂㄷㅊㄷ
부딪히다,4,ㅂㄷㅎㄷ
부러지다,4,ㅂㄹㅈㄷ
부서지다,4,ㅂㅅㅈㄷ
부정하다,4,ㅂㅈㅎㄷ
부족하다,4,ㅂㅈㅎㄷ
부지런히,4,ㅂㅈㄹㅎ
부탁하다,4,ㅂㅌㅎㄷ
분리되다,4,ㅂㄹㄷㄷ
분리하다,4,ㅂㄹㅎㄷ
분명하다,4,ㅂㅁㅎㄷ
분석하다,4,ㅂㅅㅎㄷ
분주하다,4,ㅂㅈㅎㄷ
분포하다,4,ㅂㅍㅎㄷ
불과하다,4,ㅂㄱㅎㄷ
불구하다,4,ㅂㄱㅎㄷ
불리하다,4,ㅂㄹㅎㄷ
불쌍하다,4,ㅂㅆㅎㄷ
불안하다,4,ㅂㅇㅎㄷ
불어오다,4,ㅂㅇㅇㄷ
불편하다,4,ㅂㅍㅎㄷ
불행하다,4,ㅂㅎㅎㄷ
붙잡히다,4,ㅂㅈㅎㄷ
블라우스,4,ㅂㄹㅇㅅ
비교하다,4,ㅂㄱㅎㄷ
비닐봉지,4,ㅂㄴㅂㅈ
비롯되다,4,ㅂㄹㄷㄷ
비롯하다,4,ㅂㄹㅎㄷ
비슷하다,4,ㅂㅅㅎㄷ
비판하다,4,ㅂㅍㅎㄷ
빠뜨리다,4,ㅃㄸㄹㄷ
빼앗기다,4,ㅃㅇㄱㄷ
뿌리치다,4,ㅃㄹㅊㄷ
사과하다,4,ㅅㄱㅎㄷ
사들이다,4,ㅅㄷㅇㄷ
사라지다,4,ㅅㄹㅈㄷ
사랑하다,4,ㅅㄹㅎㄷ
사망하다,4,ㅅㅁㅎㄷ
사소하다,4,ㅅㅅㅎㄷ
사용되다,4,ㅅㅇㄷㄷ
사용하다,4,ㅅㅇㅎㄷ
사이사이,4,ㅅㅇㅅㅇ
사이좋다,4,ㅅㅇㅈㄷ
사회생활,4,ㅅㅎㅅㅎ
사회주의,4,ㅅㅎㅈㅇ
산부인과,4,ㅅㅂㅇㄱ
살아가다,4,ㅅㅇㄱㄷ
살아나다,4,ㅅㅇㄴㄷ
살아남다,4,ㅅㅇㄴㄷ
살아오다,4,ㅅㅇㅇㄷ
살펴보다,4,ㅅㅍㅂㄷ
상관없다,4,ㅅㄱㅇㄷ
상관없이,4,ㅅㄱㅇㅇ
상당하다,4,ㅅㄷㅎㄷ
상상하다,4,ㅅㅅㅎㄷ
상징하다,4,ㅅㅈㅎㄷ
상쾌하다,4,ㅅㅋㅎㄷ
색다르다,4,ㅅㄷㄹㄷ
샌드위치,4,ㅅㄷㅇㅊ
생각나다,4,ㅅㄱㄴㄷ
생각되다,4,ㅅㄱㄷㄷ
생각하다,4,ㅅㄱㅎㄷ
생겨나다,4,ㅅㄱㄴㄷ
생산되다,4,ㅅㅅㄷㄷ
생산하다,4,ㅅㅅㅎㄷ
생활수준,4,ㅅㅎㅅㅈ
생활용품,4,ㅅㅎㅇㅍ
생활하다,4,ㅅㅎㅎㄷ
생활환경,4,ㅅㅎㅎㄱ
서늘하다,4,ㅅㄴㅎㄷ
서두르다,4,ㅅㄷㄹㄷ
서명하다,4,ㅅㅁㅎㄷ
서투르다,4,ㅅㅌㄹㄷ
선명하다,4,ㅅㅁㅎㄷ
선물하다,4,ㅅㅁㅎㄷ
선언하다,4,ㅅㅇㅎㄷ
선정하다,4,ㅅㅈㅎㄷ
선택하다,4,ㅅㅌㅎㄷ
선호하다,4,ㅅㅎㅎㄷ
설득하다,4,ㅅㄷㅎㄷ
설립하다,4,ㅅㄹㅎㄷ
설명되다,4,ㅅㅁㄷㄷ
설명하다,4,ㅅㅁㅎㄷ
설치되다,4,ㅅㅊㄷㄷ
설치하다,4,ㅅㅊㅎㄷ
섭섭하다,4,ㅅㅅㅎㄷ
성공하다,4,ㅅㄱㅎㄷ
성립되다,4,ㅅㄹㄷㄷ
성립하다,4,ㅅㄹㅎㄷ
성숙하다,4,ㅅㅅㅎㄷ
성실하다,4,ㅅㅅㅎㄷ
성장하다,4,ㅅㅈㅎㄷ
세련되다,4,ㅅㄹㄷㄷ
세워지다,4,ㅅㅇㅈㄷ
세종대왕,4,ㅅㅈㄷㅇ
섹시하다,4,ㅅㅅㅎㄷ
센티미터,4,ㅅㅌㅁㅌ
소개되다,4,ㅅㄱㄷㄷ
소개하다,4,ㅅㄱㅎㄷ
소리치다,4,ㅅㄹㅊㄷ
소문나다,4,ㅅㅁㄴㄷ
소박하다,4,ㅅㅂㅎㄷ
소비하다,4,ㅅㅂㅎㄷ
소요되다,4,ㅅㅇㄷㄷ
소용없다,4,ㅅㅇㅇㄷ
소유하다,4,ㅅㅇㅎㄷ
소중하다,4,ㅅㅈㅎㄷ
소화하다,4,ㅅㅎㅎㄷ
속삭이다,4,ㅅㅅㅇㄷ
속상하다,4,ㅅㅅㅎㄷ
손질하다,4,ㅅㅈㅎㄷ
솔직하다,4,ㅅㅈㅎㄷ
수고하다,4,ㅅㄱㅎㄷ
수도꼭지,4,ㅅㄷㄲㅈ
수리하다,4,ㅅㄹㅎㄷ
수입되다,4,ㅅㅇㄷㄷ
수입하다,4,ㅅㅇㅎㄷ
수집하다,4,ㅅㅈㅎㄷ
수출하다,4,ㅅㅊㅎㄷ
수행하다,4,ㅅㅎㅎㄷ
순수하다,4,ㅅㅅㅎㄷ
순진하다,4,ㅅㅈㅎㄷ
슈퍼마켓,4,ㅅㅍㅁㅋ
스케이트,4,ㅅㅋㅇㅌ
스튜디오,4,ㅅㅌㄷㅇ
스트레스,4,ㅅㅌㄹㅅ
슬그머니,4,ㅅㄱㅁㄴ
슬퍼하다,4,ㅅㅍㅎㄷ
승리하다,4,ㅅㄹㅎㄷ
시끄럽다,4,ㅅㄲㄹㄷ
시나리오,4,ㅅㄴㄹㅇ
시내버스,4,ㅅㄴㅂㅅ
시도하다,4,ㅅㄷㅎㄷ
시아버지,4,ㅅㅇㅂㅈ
시어머니,4,ㅅㅇㅁㄴ
시외버스,4,ㅅㅇㅂㅅ
시원하다,4,ㅅㅇㅎㄷ
시작되다,4,ㅅㅈㄷㄷ
시작하다,4,ㅅㅈㅎㄷ
시집가다,4,ㅅㅈㄱㄷ
식사하다,4,ㅅㅅㅎㄷ
신고하다,4,ㅅㄱㅎㄷ
신기하다,4,ㅅㄱㅎㄷ
신선하다,4,ㅅㅅㅎㄷ
신속하다,4,ㅅㅅㅎㄷ
신중하다,4,ㅅㅈㅎㄷ
신청하다,4,ㅅㅊㅎㄷ
신혼부부,4,ㅅㅎㅂㅂ
신혼여행,4,ㅅㅎㅇㅎ
실례하다,4,ㅅㄹㅎㄷ
실망하다,4,ㅅㅁㅎㄷ
실수하다,4,ㅅㅅㅎㄷ
실시되다,4,ㅅㅅㄷㄷ
실시하다,4,ㅅㅅㅎㄷ
실천하다,4,ㅅㅊㅎㄷ
실패하다,4,ㅅㅍㅎㄷ
실현되다,4,ㅅㅎㄷㄷ
실현하다,4,ㅅㅎㅎㄷ
싫어지다,4,ㅅㅇㅈㄷ
싫어하다,4,ㅅㅇㅎㄷ
심각하다,4,ㅅㄱㅎㄷ
심심하다,4,ㅅㅅㅎㄷ
심해지다,4,ㅅㅎㅈㄷ
싱싱하다,4,ㅅㅅㅎㄷ
싶어지다,4,ㅅㅇㅈㄷ
썰렁하다,4,ㅆㄹㅎㄷ
쏟아지다,4,ㅆㅇㅈㄷ
쓰다듬다,4,ㅆㄷㄷㄷ
쓰러지다,4,ㅆㄹㅈㄷ
쓰레기통,4,ㅆㄹㄱㅌ
쓸데없다,4,ㅆㄷㅇㄷ
쓸데없이,4,ㅆㄷㅇㅇ
쓸쓸하다,4,ㅆㅆㅎㄷ
씩씩하다,4,ㅆㅆㅎㄷ
아나운서,4,ㅇㄴㅇㅅ
아니하다,4,ㅇㄴㅎㄷ
아랫사람,4,ㅇㄹㅅㄹ
아름답다,4,ㅇㄹㄷㄷ
아무래도,4,ㅇㅁㄹㄷ
아무렇다,4,ㅇㅁㄹㄷ
아스팔트,4,ㅇㅅㅍㅌ
아이디어,4,ㅇㅇㄷㅇ
아주머니,4,ㅇㅈㅁㄴ
아프리카,4,ㅇㅍㄹㅋ
안내하다,4,ㅇㄴㅎㄷ
안녕하다,4,ㅇㄴㅎㄷ
안심하다,4,ㅇㅅㅎㄷ
안전하다,4,ㅇㅈㅎㄷ
안정되다,4,ㅇㅈㄷㄷ
안타깝다,4,ㅇㅌㄲㄷ
알려지다,4,ㅇㄹㅈㄷ
알루미늄,4,ㅇㄹㅁㄴ
알아내다,4,ㅇㅇㄴㄷ
알아듣다,4,ㅇㅇㄷㄷ
알아보다,4,ㅇㅇㅂㄷ
알아주다,4,ㅇㅇㅈㄷ
앞세우다,4,ㅇㅅㅇㄷ
앞장서다,4,ㅇㅈㅅㄷ
액세서리,4,ㅇㅅㅅㄹ
약속하다,4,ㅇㅅㅎㄷ
약해지다,4,ㅇㅎㅈㄷ
양보하다,4,ㅇㅂㅎㄷ
얘기하다,4,ㅇㄱㅎㄷ
어떠하다,4,ㅇㄸㅎㄷ
어떡하다,4,ㅇㄸㅎㄷ
어리석다,4,ㅇㄹㅅㄷ
어린아이,4,ㅇㄹㅇㅇ
어린이날,4,ㅇㄹㅇㄴ
어색하다,4,ㅇㅅㅎㄷ
어울리다,4,ㅇㅇㄹㄷ
어지럽다,4,ㅇㅈㄹㄷ
어쩌다가,4,ㅇㅉㄷㄱ
어찌하다,4,ㅇㅉㅎㄷ
억울하다,4,ㅇㅇㅎㄷ
얻어먹다,4,ㅇㅇㅁㄷ
엄격하다,4,ㅇㄱㅎㄷ
엄숙하다,4,ㅇㅅㅎㄷ
엄청나다,4,ㅇㅊㄴㄷ
없어지다,4,ㅇㅇㅈㄷ
엇갈리다,4,ㅇㄱㄹㄷ
엉뚱하다,4,ㅇㄸㅎㄷ
엎드리다,4,ㅇㄷㄹㄷ
여겨지다,4,ㅇㄱㅈㄷ
여기저기,4,ㅇㄱㅈㄱ
여보세요,4,ㅇㅂㅅㅇ
여전하다,4,ㅇㅈㅎㄷ
여행하다,4,ㅇㅎㅎㄷ
연결되다,4,ㅇㄱㄷㄷ
연결하다,4,ㅇㄱㅎㄷ
연구하다,4,ㅇㄱㅎㄷ
연기되다,4,ㅇㄱㄷㄷ
연기하다,4,ㅇㄱㅎㄷ
연락하다,4,ㅇㄹㅎㄷ
연상하다,4,ㅇㅅㅎㄷ
연습하다,4,ㅇㅅㅎㄷ
연출하다,4,ㅇㅊㅎㄷ
열중하다,4,ㅇㅈㅎㄷ
염려하다,4,ㅇㄹㅎㄷ
영원하다,4,ㅇㅇㅎㄷ
영화배우,4,ㅇㅎㅂㅇ
예고하다,4,ㅇㄱㅎㄷ
예매하다,4,ㅇㅁㅎㄷ
예방하다,4,ㅇㅂㅎㄷ
예상되다,4,ㅇㅅㄷㄷ
예상하다,4,ㅇㅅㅎㄷ
예습하다,4,ㅇㅅㅎㄷ
예약하다,4,ㅇㅇㅎㄷ
예정되다,4,ㅇㅈㄷㄷ
예측하다,4,ㅇㅊㅎㄷ
오래간만,4,ㅇㄹㄱㅁ
오래도록,4,ㅇㄹㄷㄹ
오래되다,4,ㅇㄹㄷㄷ
오랫동안,4,ㅇㄹㄷㅇ
오염되다,4,ㅇㅇㄷㄷ
오피스텔,4,ㅇㅍㅅㅌ
올라가다,4,ㅇㄹㄱㄷ
올라서다,4,ㅇㄹㅅㄷ
올라오다,4,ㅇㄹㅇㄷ
올라타다,4,ㅇㄹㅌㄷ
올려놓다,4,ㅇㄹㄴㄷ
올바르다,4,ㅇㅂㄹㄷ
와이셔츠,4,ㅇㅇㅅㅊ
완벽하다,4,ㅇㅂㅎㄷ
완성되다,4,ㅇㅅㄷㄷ
완성하다,4,ㅇㅅㅎㄷ
완전하다,4,ㅇㅈㅎㄷ
왜냐하면,4,ㅇㄴㅎㅁ
외면하다,4,ㅇㅁㅎㄷ
외출하다,4,ㅇㅊㅎㄷ
외할머니,4,ㅇㅎㅁㄴ
요구되다,4,ㅇㄱㄷㄷ
요구하다,4,ㅇㄱㅎㄷ
요리하다,4,ㅇㄹㅎㄷ
요약하다,4,ㅇㅇㅎㄷ
요청하다,4,ㅇㅊㅎㄷ
용감하다,4,ㅇㄱㅎㄷ
용서하다,4,ㅇㅅㅎㄷ
우리나라,4,ㅇㄹㄴㄹ
우수하다,4,ㅇㅅㅎㄷ
우승하다,4,ㅇㅅㅎㄷ
우아하다,4,ㅇㅇㅎㄷ
우울하다,4,ㅇㅇㅎㄷ
운동하다,4,ㅇㄷㅎㄷ
운영하다,4,ㅇㅇㅎㄷ
운전기사,4,ㅇㅈㄱㅅ
운전하다,4,ㅇㅈㅎㄷ
울음소리,4,ㅇㅇㅅㄹ
움직이다,4,ㅇㅈㅇㄷ
웃음소리,4,ㅇㅇㅅㄹ
웬만하다,4,ㅇㅁㅎㄷ
위대하다,4,ㅇㄷㅎㄷ
위로하다,4,ㅇㄹㅎㄷ
위반하다,4,ㅇㅂㅎㄷ
위치하다,4,ㅇㅊㅎㄷ
위험하다,4,ㅇㅎㅎㄷ
유능하다,4,ㅇㄴㅎㄷ
유리하다,4,ㅇㄹㅎㄷ
유명하다,4,ㅇㅁㅎㄷ
유발하다,4,ㅇㅂㅎㄷ
유사하다,4,ㅇㅅㅎㄷ
유의하다,4,ㅇㅇㅎㄷ
유지되다,4,ㅇㅈㄷㄷ
유지하다,4,ㅇㅈㅎㄷ
유행하다,4,ㅇㅎㅎㄷ
은은하다,4,ㅇㅇㅎㄷ
은행나무,4,ㅇㅎㄴㅁ
응답하다,4,ㅇㄷㅎㄷ
의논하다,4,ㅇㄴㅎㄷ
의미하다,4,ㅇㅁㅎㄷ
의식하다,4,ㅇㅅㅎㄷ
의심하다,4,ㅇㅅㅎㄷ
의존하다,4,ㅇㅈㅎㄷ
의지하다,4,ㅇㅈㅎㄷ
이것저것,4,ㅇㄱㅈㄱ
이곳저곳,4,ㅇㄱㅈㄱ
이동하다,4,ㅇㄷㅎㄷ
이러하다,4,ㅇㄹㅎㄷ
이런저런,4,ㅇㄹㅈㄹ
이룩하다,4,ㅇㄹㅎㄷ
이뤄지다,4,ㅇㄹㅈㄷ
이리저리,4,ㅇㄹㅈㄹ
이사하다,4,ㅇㅅㅎㄷ
이상하다,4,ㅇㅅㅎㄷ
이어지다,4,ㅇㅇㅈㄷ
이용되다,4,ㅇㅇㄷㄷ
이용하다,4,ㅇㅇㅎㄷ
이해관계,4,ㅇㅎㄱㄱ
이해되다,4,ㅇㅎㄷㄷ
이해하다,4,ㅇㅎㅎㄷ
이혼하다,4,ㅇㅎㅎㄷ
익숙하다,4,ㅇㅅㅎㄷ
인간관계,4,ㅇㄱㄱㄱ
인사하다,4,ㅇㅅㅎㄷ
인식하다,4,ㅇㅅㅎㄷ
인정되다,4,ㅇㅈㄷㄷ
인정받다,4,ㅇㅈㅂㄷ
인정하다,4,ㅇㅈㅎㄷ
인천공항,4,ㅇㅊㄱㅎ
일상생활,4,ㅇㅅㅅㅎ
일어나다,4,ㅇㅇㄴㄷ
일어서다,4,ㅇㅇㅅㄷ
일으키다,4,ㅇㅇㅋㄷ
일정하다,4,ㅇㅈㅎㄷ
일치하다,4,ㅇㅊㅎㄷ
일회용품,4,ㅇㅎㅇㅍ
임신하다,4,ㅇㅅㅎㄷ
입력하다,4,ㅇㄹㅎㄷ
입사하다,4,ㅇㅅㅎㄷ
입원하다,4,ㅇㅇㅎㄷ
입학하다,4,ㅇㅎㅎㄷ
잇따르다,4,ㅇㄸㄹㄷ
잊혀지다,4,ㅇㅎㅈㄷ
자극하다,4,ㅈㄱㅎㄷ
자라나다,4,ㅈㄹㄴㄷ
자랑하다,4,ㅈㄹㅎㄷ
자살하다,4,ㅈㅅㅎㄷ
자세하다,4,ㅈㅅㅎㄷ
자연현상,4,ㅈㅇㅎㅅ
자연환경,4,ㅈㅇㅎㄱ
자유롭다,4,ㅈㅇㄹㄷ
작성하다,4,ㅈㅅㅎㄷ
작아지다,4,ㅈㅇㅈㄷ
작용하다,4,ㅈㅇㅎㄷ
작은아들,4,ㅈㅇㅇㄷ
잘못되다,4,ㅈㅁㄷㄷ
잘못하다,4,ㅈㅁㅎㄷ
잘생기다,4,ㅈㅅㄱㄷ
잡수시다,4,ㅈㅅㅅㄷ
잡아먹다,4,ㅈㅇㅁㄷ
재미없다,4,ㅈㅁㅇㄷ
재미있다,4,ㅈㅁㅇㄷ
재활용품,4,ㅈㅎㅇㅍ
저지르다,4,ㅈㅈㄹㄷ
적당하다,4,ㅈㄷㅎㄷ
적어지다,4,ㅈㅇㅈㄷ
적용되다,4,ㅈㅇㄷㄷ
적용하다,4,ㅈㅇㅎㄷ
적응하다,4,ㅈㅇㅎㄷ
적절하다,4,ㅈㅈㅎㄷ
적합하다,4,ㅈㅎㅎㄷ
전개되다,4,ㅈㄱㄷㄷ
전개하다,4,ㅈㄱㅎㄷ
전공하다,4,ㅈㄱㅎㄷ
전기밥솥,4,ㅈㄱㅂㅅ
전달되다,4,ㅈㄷㄷㄷ
전달하다,4,ㅈㄷㅎㄷ
전망하다,4,ㅈㅁㅎㄷ
전시되다,4,ㅈㅅㄷㄷ
전시하다,4,ㅈㅅㅎㄷ
전통문화,4,ㅈㅌㅁㅎ
전해지다,4,ㅈㅎㅈㄷ
전화번호,4,ㅈㅎㅂㅎ
전화하다,4,ㅈㅎㅎㄷ
전환하다,4,ㅈㅎㅎㄷ
절약하다,4,ㅈㅇㅎㄷ
점심시간,4,ㅈㅅㅅㄱ
접근하다,4,ㅈㄱㅎㄷ
정리되다,4,ㅈㄹㄷㄷ
정리하다,4,ㅈㄹㅎㄷ
정신없이,4,ㅈㅅㅇㅇ
정직하다,4,ㅈㅈㅎㄷ
정해지다,4,ㅈㅎㅈㄷ
정확하다,4,ㅈㅎㅎㄷ
제거하다,4,ㅈㄱㅎㄷ
제공하다,4,ㅈㄱㅎㄷ
제대하다,4,ㅈㄷㅎㄷ
제시되다,4,ㅈㅅㄷㄷ
제시하다,4,ㅈㅅㅎㄷ
제안하다,4,ㅈㅇㅎㄷ
제외되다,4,ㅈㅇㄷㄷ
제외하다,4,ㅈㅇㅎㄷ
제의하다,4,ㅈㅇㅎㄷ
제작하다,4,ㅈㅈㅎㄷ
제출하다,4,ㅈㅊㅎㄷ
제한되다,4,ㅈㅎㄷㄷ
제한하다,4,ㅈㅎㅎㄷ
조그맣다,4,ㅈㄱㅁㄷ
조사하다,4,ㅈㅅㅎㄷ
조심하다,4,ㅈㅅㅎㄷ
조용하다,4,ㅈㅇㅎㄷ
조절하다,4,ㅈㅈㅎㄷ
조정하다,4,ㅈㅈㅎㄷ
조화되다,4,ㅈㅎㄷㄷ
존경하다,4,ㅈㄱㅎㄷ
존재하다,4,ㅈㅈㅎㄷ
존중하다,4,ㅈㅈㅎㄷ
졸업하다,4,ㅈㅇㅎㄷ
종합하다,4,ㅈㅎㅎㄷ
좋아지다,4,ㅈㅇㅈㄷ
좋아하다,4,ㅈㅇㅎㄷ
죄송하다,4,ㅈㅅㅎㄷ
주고받다,4,ㅈㄱㅂㄷ
주무시다,4,ㅈㅁㅅㄷ
주문하다,4,ㅈㅁㅎㄷ
주어지다,4,ㅈㅇㅈㄷ
주요하다,4,ㅈㅇㅎㄷ
주의하다,4,ㅈㅇㅎㄷ
주장하다,4,ㅈㅈㅎㄷ
주저앉다,4,ㅈㅈㅇㄷ
주차하다,4,ㅈㅊㅎㄷ
준비되다,4,ㅈㅂㄷㄷ
준비하다,4,ㅈㅂㅎㄷ
줄어들다,4,ㅈㅇㄷㄷ
중계방송,4,ㅈㄱㅂㅅ
중단되다,4,ㅈㄷㄷㄷ
중단하다,4,ㅈㄷㅎㄷ
중대하다,4,ㅈㄷㅎㄷ
중소기업,4,ㅈㅅㄱㅇ
중요하다,4,ㅈㅇㅎㄷ
증가하다,4,ㅈㄱㅎㄷ
증명하다,4,ㅈㅁㅎㄷ
지급하다,4,ㅈㄱㅎㄷ
지나가다,4,ㅈㄴㄱㄷ
지나치다,4,ㅈㄴㅊㄷ
지도하다,4,ㅈㄷㅎㄷ
지루하다,4,ㅈㄹㅎㄷ
지배하다,4,ㅈㅂㅎㄷ
지불하다,4,ㅈㅂㅎㄷ
지속되다,4,ㅈㅅㄷㄷ
지시하다,4,ㅈㅅㅎㄷ
지워지다,4,ㅈㅇㅈㄷ
지원하다,4,ㅈㅇㅎㄷ
지적되다,4,ㅈㅈㄷㄷ
지적하다,4,ㅈㅈㅎㄷ
지켜보다,4,ㅈㅋㅂㄷ
진단하다,4,ㅈㄷㅎㄷ
진실하다,4,ㅈㅅㅎㄷ
진지하다,4,ㅈㅈㅎㄷ
진출하다,4,ㅈㅊㅎㄷ
진행되다,4,ㅈㅎㄷㄷ
진행하다,4,ㅈㅎㅎㄷ
질문하다,4,ㅈㅁㅎㄷ
짐작하다,4,ㅈㅈㅎㄷ
집어넣다,4,ㅈㅇㄴㄷ
집중되다,4,ㅈㅈㄷㄷ
집중하다,4,ㅈㅈㅎㄷ
짧아지다,4,ㅉㅇㅈㄷ
쩔쩔매다,4,ㅉㅉㅁㄷ
쫓겨나다,4,ㅉㄱㄴㄷ
찢어지다,4,ㅉㅇㅈㄷ
착각하다,4,ㅊㄱㅎㄷ
찬성하다,4,ㅊㅅㅎㄷ
참가하다,4,ㅊㄱㅎㄷ
참고하다,4,ㅊㄱㅎㄷ
참석하다,4,ㅊㅅㅎㄷ
참여하다,4,ㅊㅇㅎㄷ
창조하다,4,ㅊㅈㅎㄷ
창피하다,4,ㅊㅍㅎㄷ
찾아가다,4,ㅊㅇㄱㄷ
찾아내다,4,ㅊㅇㄴㄷ
찾아보다,4,ㅊㅇㅂㄷ
찾아오다,4,ㅊㅇㅇㄷ
책임지다,4,ㅊㅇㅈㄷ
철저하다,4,ㅊㅈㅎㄷ
청소하다,4,ㅊㅅㅎㄷ
체험하다,4,ㅊㅎㅎㄷ
쳐다보다,4,ㅊㄷㅂㄷ
초대하다,4,ㅊㄷㅎㄷ
초등학교,4,ㅊㄷㅎㄱ
초등학생,4,ㅊㄷㅎㅅ
초조하다,4,ㅊㅈㅎㄷ
초청하다,4,ㅊㅊㅎㄷ
촌스럽다,4,ㅊㅅㄹㄷ
추가되다,4,ㅊㄱㄷㄷ
추가하다,4,ㅊㄱㅎㄷ
추진하다,4,ㅊㅈㅎㄷ
추천하다,4,ㅊㅊㅎㄷ
축하하다,4,ㅊㅎㅎㄷ
출근하다,4,ㅊㄱㅎㄷ
출발하다,4,ㅊㅂㅎㄷ
출석하다,4,ㅊㅅㅎㄷ
출연하다,4,ㅊㅇㅎㄷ
출현하다,4,ㅊㅎㅎㄷ
충돌하다,4,ㅊㄷㅎㄷ
충분하다,4,ㅊㅂㅎㄷ
취소하다,4,ㅊㅅㅎㄷ
치료하다,4,ㅊㄹㅎㄷ
친절하다,4,ㅊㅈㅎㄷ
친해지다,4,ㅊㅎㅈㄷ
침착하다,4,ㅊㅊㅎㄷ
칭찬하다,4,ㅊㅊㅎㄷ
캄캄하다,4,ㅋㅋㅎㄷ
커다랗다,4,ㅋㄷㄹㄷ
코스모스,4,ㅋㅅㅁㅅ
콤플렉스,4,ㅋㅍㄹㅅ
큰아버지,4,ㅋㅇㅂㅈ
큰어머니,4,ㅋㅇㅁㄴ
킬로그램,4,ㅋㄹㄱㄹ
킬로미터,4,ㅋㄹㅁㅌ
타고나다,4,ㅌㄱㄴㄷ
타오르다,4,ㅌㅇㄹㄷ
탁월하다,4,ㅌㅇㅎㄷ
탄생하다,4,ㅌㅅㅎㄷ
탈출하다,4,ㅌㅊㅎㄷ
태어나다,4,ㅌㅇㄴㄷ
터뜨리다,4,ㅌㄸㄹㄷ
텔레비전,4,ㅌㄹㅂㅈ
토론하다,4,ㅌㄹㅎㄷ
통과하다,4,ㅌㄱㅎㄷ
통일하다,4,ㅌㅇㅎㄷ
퇴근하다,4,ㅌㄱㅎㄷ
퇴원하다,4,ㅌㅇㅎㄷ
투명하다,4,ㅌㅁㅎㄷ
특별하다,4,ㅌㅂㅎㄷ
특이하다,4,ㅌㅇㅎㄷ
특정하다,4,ㅌㅈㅎㄷ
튼튼하다,4,ㅌㅌㅎㄷ
틀림없다,4,ㅌㄹㅇㄷ
틀림없이,4,ㅌㄹㅇㅇ
파괴하다,4,ㅍㄱㅎㄷ
파악하다,4,ㅍㅇㅎㄷ
판단하다,4,ㅍㄷㅎㄷ
판매되다,4,ㅍㅁㄷㄷ
판매하다,4,ㅍㅁㅎㄷ
팩시밀리,4,ㅍㅅㅁㄹ
편리하다,4,ㅍㄹㅎㄷ
편안하다,4,ㅍㅇㅎㄷ
펼쳐지다,4,ㅍㅊㅈㄷ
평가되다,4,ㅍㄱㄷㄷ
평가하다,4,ㅍㄱㅎㄷ
평범하다,4,ㅍㅂㅎㄷ
평화롭다,4,ㅍㅎㄹㄷ
포근하다,4,ㅍㄱㅎㄷ
포기하다,4,ㅍㄱㅎㄷ
포장마차,4,ㅍㅈㅁㅊ
포함되다,4,ㅍㅎㄷㄷ
포함하다,4,ㅍㅎㅎㄷ
표시하다,4,ㅍㅅㅎㄷ
표현되다,4,ㅍㅎㄷㄷ
표현하다,4,ㅍㅎㅎㄷ
풀어지다,4,ㅍㅇㅈㄷ
풍부하다,4,ㅍㅂㅎㄷ
프로그램,4,ㅍㄹㄱㄹ
플라스틱,4,ㅍㄹㅅㅌ
피곤하다,4,ㅍㄱㅎㄷ
피로하다,4,ㅍㄹㅎㄷ
필요하다,4,ㅍㅇㅎㄷ
하나하나,4,ㅎㄴㅎㄴ
하드웨어,4,ㅎㄷㅇㅇ
학교생활,4,ㅎㄱㅅㅎ
한가운데,4,ㅎㄱㅇㄷ
한가하다,4,ㅎㄱㅎㄷ
한꺼번에,4,ㅎㄲㅂㅇ
한잔하다,4,ㅎㅈㅎㄷ
한정되다,4,ㅎㅈㄷㄷ
한정하다,4,ㅎㅈㅎㄷ
할아버지,4,ㅎㅇㅂㅈ
함께하다,4,ㅎㄲㅎㄷ
합격하다,4,ㅎㄱㅎㄷ
해결되다,4,ㅎㄱㄷㄷ
해결하다,4,ㅎㄱㅎㄷ
해당되다,4,ㅎㄷㄷㄷ
해당하다,4,ㅎㄷㅎㄷ
해석하다,4,ㅎㅅㅎㄷ
해소하다,4,ㅎㅅㅎㄷ
해수욕장,4,ㅎㅅㅇㅈ
해외여행,4,ㅎㅇㅇㅎ
행동하다,4,ㅎㄷㅎㄷ
행복하다,4,ㅎㅂㅎㄷ
행해지다,4,ㅎㅎㅈㄷ
향상되다,4,ㅎㅅㄷㄷ
허락하다,4,ㅎㄹㅎㄷ
허용되다,4,ㅎㅇㄷㄷ
허용하다,4,ㅎㅇㅎㄷ
헤아리다,4,ㅎㅇㄹㄷ
헤어지다,4,ㅎㅇㅈㄷ
형성되다,4,ㅎㅅㄷㄷ
형성하다,4,ㅎㅅㅎㄷ
호주머니,4,ㅎㅈㅁㄴ
홈페이지,4,ㅎㅍㅇㅈ
화려하다,4,ㅎㄹㅎㄷ
확대되다,4,ㅎㄷㄷㄷ
확대하다,4,ㅎㄷㅎㄷ
확립하다,4,ㅎㄹㅎㄷ
확산되다,4,ㅎㅅㄷㄷ
확신하다,4,ㅎㅅㅎㄷ
확실하다,4,ㅎㅅㅎㄷ
확인되다,4,ㅎㅇㄷㄷ
확인하다,4,ㅎㅇㅎㄷ
환경오염,4,ㅎㄱㅇㅇ
환영하다,4,ㅎㅇㅎㄷ
활동하다,4,ㅎㄷㅎㄷ
활발하다,4,ㅎㅂㅎㄷ
활용하다,4,ㅎㅇㅎㄷ
회복되다,4,ㅎㅂㄷㄷ
회복하다,4,ㅎㅂㅎㄷ
횡단보도,4,ㅎㄷㅂㄷ
효도하다,4,ㅎㄷㅎㄷ
후춧가루,4,ㅎㅊㄱㄹ
후회하다,4,ㅎㅎㅎㄷ
훌륭하다,4,ㅎㄹㅎㄷ
흐려지다,4,ㅎㄹㅈㄷ
흔들리다,4,ㅎㄷㄹㄷ
흘러가다,4,ㅎㄹㄱㄷ
흥미롭다,4,ㅎㅁㄹㄷ
흥분하다,4,ㅎㅂㅎㄷ
흩어지다,4,ㅎㅇㅈㄷ
희망하다,4,ㅎㅁㅎㄷ
희생하다,4,ㅎㅅㅎㄷ
가까워지다,5,ㄱㄲㅇㅈㄷ
가능해지다,5,ㄱㄴㅎㅈㄷ
가져다주다,5,ㄱㅈㄷㅈㄷ
갑작스럽다,5,ㄱㅈㅅㄹㄷ
걱정스럽다,5,ㄱㅈㅅㄹㄷ
고급스럽다,5,ㄱㄱㅅㄹㄷ
고통스럽다,5,ㄱㅌㅅㄹㄷ
괴로워하다,5,ㄱㄹㅇㅎㄷ
그럴듯하다,5,ㄱㄹㄷㅎㄷ
그리워하다,5,ㄱㄹㅇㅎㄷ
깨끗해지다,5,ㄲㄲㅎㅈㄷ
끌어당기다,5,ㄲㅇㄷㄱㄷ
나누어지다,5,ㄴㄴㅇㅈㄷ
날아다니다,5,ㄴㅇㄷㄴㄷ
남대문시장,5,ㄴㄷㅁㅅㅈ
내려다보다,5,ㄴㄹㄷㅂㄷ
넘어뜨리다,5,ㄴㅇㄸㄹㄷ
다양해지다,5,ㄷㅇㅎㅈㄷ
더러워지다,5,ㄷㄹㅇㅈㄷ
돌아다니다,5,ㄷㅇㄷㄴㄷ
동대문시장,5,ㄷㄷㅁㅅㅈ
되돌아가다,5,ㄷㄷㅇㄱㄷ
되돌아보다,5,ㄷㄷㅇㅂㄷ
되돌아오다,5,ㄷㄷㅇㅇㄷ
되풀이되다,5,ㄷㅍㅇㄷㄷ
되풀이하다,5,ㄷㅍㅇㅎㄷ
두드러지다,5,ㄷㄷㄹㅈㄷ
두려워하다,5,ㄷㄹㅇㅎㄷ
둘러싸이다,5,ㄷㄹㅆㅇㄷ
들여다보다,5,ㄷㅇㄷㅂㄷ
들이마시다,5,ㄷㅇㅁㅅㄷ
따라다니다,5,ㄸㄹㄷㄴㄷ
떠들썩하다,5,ㄸㄷㅆㅎㄷ
떨어뜨리다,5,ㄸㅇㄸㄹㄷ
뛰어나가다,5,ㄸㅇㄴㄱㄷ
뛰어나오다,5,ㄸㅇㄴㅇㄷ
뛰어내리다,5,ㄸㅇㄴㄹㄷ
뛰어다니다,5,ㄸㅇㄷㄴㄷ
뛰어오르다,5,ㄸㅇㅇㄹㄷ
만들어지다,5,ㅁㄷㅇㅈㄷ
만족스럽다,5,ㅁㅈㅅㄹㄷ
말씀드리다,5,ㅁㅆㄷㄹㄷ
무관심하다,5,ㅁㄱㅅㅎㄷ
무의미하다,5,ㅁㅇㅁㅎㄷ
무책임하다,5,ㅁㅊㅇㅎㄷ
미끄러지다,5,ㅁㄲㄹㅈㄷ
바람직하다,5,ㅂㄹㅈㅎㄷ
반짝거리다,5,ㅂㅉㄱㄹㄷ
받아들이다,5,ㅂㅇㄷㅇㄷ
부러워하다,5,ㅂㄹㅇㅎㄷ
부지런하다,5,ㅂㅈㄹㅎㄷ
분명해지다,5,ㅂㅁㅎㅈㄷ
불가능하다,5,ㅂㄱㄴㅎㄷ
불가피하다,5,ㅂㄱㅍㅎㄷ
불완전하다,5,ㅂㅇㅈㅎㄷ
불평등하다,5,ㅂㅍㄷㅎㄷ
불필요하다,5,ㅂㅍㅇㅎㄷ
불확실하다,5,ㅂㅎㅅㅎㄷ
빠져나가다,5,ㅃㅈㄴㄱㄷ
빠져나오다,5,ㅃㅈㄴㅇㄷ
사랑스럽다,5,ㅅㄹㅅㄹㄷ
소프트웨어,5,ㅅㅍㅌㅇㅇ
심각해지다,5,ㅅㄱㅎㅈㄷ
아르바이트,5,ㅇㄹㅂㅇㅌ
아이스크림,5,ㅇㅇㅅㅋㄹ
어두워지다,5,ㅇㄷㅇㅈㄷ
어려워지다,5,ㅇㄹㅇㅈㄷ
엘리베이터,5,ㅇㄹㅂㅇㅌ
옛날이야기,5,ㅇㄴㅇㅇㄱ
오르내리다,5,ㅇㄹㄴㄹㄷ
올려다보다,5,ㅇㄹㄷㅂㄷ
외할아버지,5,ㅇㅎㅇㅂㅈ
이데올로기,5,ㅇㄷㅇㄹㄱ
이루어지다,5,ㅇㄹㅇㅈㄷ
이야기하다,5,ㅇㅇㄱㅎㄷ
익숙해지다,5,ㅇㅅㅎㅈㄷ
잃어버리다,5,ㅇㅇㅂㄹㄷ
잊어버리다,5,ㅇㅇㅂㄹㄷ
자랑스럽다,5,ㅈㄹㅅㄹㄷ
자연스럽다,5,ㅈㅇㅅㄹㄷ
작은아버지,5,ㅈㅇㅇㅂㅈ
작은어머니,5,ㅈㅇㅇㅁㄴ
잡아당기다,5,ㅈㅇㄷㄱㄷ
조그마하다,5,ㅈㄱㅁㅎㄷ
조심스럽다,5,ㅈㅅㅅㄹㄷ
중얼거리다,5,ㅈㅇㄱㄹㄷ
중요시하다,5,ㅈㅇㅅㅎㄷ
즐거워하다,5,ㅈㄱㅇㅎㄷ
지저분하다,5,ㅈㅈㅂㅎㄷ
짜증스럽다,5,ㅉㅈㅅㄹㄷ
찾아다니다,5,ㅊㅇㄷㄴㄷ
크리스마스,5,ㅋㄹㅅㅁㅅ
튀어나오다,5,ㅌㅇㄴㅇㄷ
활발해지다,5,ㅎㅂㅎㅈㄷ
흘러나오다,5,ㅎㄹㄴㅇㄷ
흘러내리다,5,ㅎㄹㄴㄹㄷ
힘들어하다,5,ㅎㄷㅇㅎㄷ
두리번거리다,6,ㄷㄹㅂㄱㄹㄷ
불러일으키다,6,ㅂㄹㅇㅇㅋㄷ